_id,firstName,middleName,lastName,fullGivenName,nameNick,pos,height,weight,college,birthDate,birthCity,birthCountry,highSchool,hsCity,hsState,hsCountry,players_teams,awards_players
abrahta01w,Tajama,Ethia,Abraham,Tajama Abraham,"TJ,Taj",C,74.0,190,George Washington,1975-09-27,"St,Croix",ISV,Kecoughtan,Hampton,VA,USA,,
abrossv01w,Svetlana,Olegovna,Abrosimova,Svetlana Abrosimova,"Svet,Sveta",F,74.0,169,Connecticut,1980-07-09,St. Petersburg,URS,Petrogradskoi N86,St. Petersburg,,RUS,,
adairje01w,Jessica,Elizabeth,Adair,Jessica Adair,,C,76.0,197,George Washington,1986-12-19,Washington,USA,Anacostia Senior,Washington,DC,USA,,
adamsda01w,Danielle,E.,Adams,Danielle Adams,,F-C,73.0,239,Texas A&M,1989-02-19,Kansas City,USA,Lee's Summit,Lee's Summit,MO,USA,,
adamsjo01w,Jordan,,Adams,Jordan Adams,,C,75.0,180,New Mexico,1981-05-24,Las Vegas,USA,Moapa Valley,Overton,NV,USA,,
adamsmi01w,Michael,,Adams,Michael Adams,,,0.0,0,,0000-00-00,,,,,,,,
adubari99w,Richie,,Adubato,Richie Adubato,,,0.0,0,,0000-00-00,,,,,,,,
aglerbr99w,Brian,,Alger,Brian Agler,,,0.0,0,,0000-00-00,,,,,,,,
aguilel01w,Elisabeth,,Aguilar Lopez,Elisa Aguilar,Elisa,G,67.0,165,George Washington,1976-10-15,Madrid,ESP,,,,,,
ajavoma01w,Matee,,Ajavon,Matee Ajavon,,G,68.0,160,Rutgers,1986-05-07,Monrovia,LBR,Malcolm X. Shabazz,Newark,NJ,USA,,
alberma01w,Marcie,,Alberts,Marcie Alberts,,G,64.0,0,Ohio State,1975-04-12,Wooster,USA,Orrville,Orrville,OH,USA,,
aldrima01w,Markita,,Aldridge,Markita Aldridge,Kita,G,71.0,153,UNC Charlotte,1973-09-15,Detroit,USA,Martin Luther King,Detroit,MI,USA,,
alexaer01w,Erin,,Alexander,Erin Alexander,,G,67.0,140,California-Santa Barbara,1975-04-25,Santa Ynez,USA,Santa Ynez,Santa Ynez,CA,USA,,
alhalta01w,Tawona,,Alhaleem,Tawona Alhaleem,T,F-G,72.0,149,DePaul,1974-10-17,Flint,USA,Flint Central,Flint,MI,USA,,
allench01w,Charel,,Allen,Charel Allen,,G,71.0,135,Notre Dame,1986-07-23,Monessen,USA,Monessen,Monessen,PA,USA,,
allenso99w,Sonny,,Allen,Sonny Allen,,,0.0,0,,0000-00-00,,,,,,,,
amachma01w,Mactabene,,Amachree,Mactabene Amachree,,F,73.0,175,,1978-01-30,Port Harcourt,NGR,,,,,,
ambermo01w,Monique,,Ambers,Monique Ambers,,F,76.0,169,Arizona State,1970-12-21,,,,,,,,
anderam01w,Ambrosia,,Anderson,Ambrosia Anderson,,F,72.0,167,Brigham Young,1984-03-14,,,,,,,,
anderch01w,Chantelle,,Anderson,Chantelle Anderson,,C,78.0,190,Vanderbilt,1981-01-22,,,,,,,,
anderjo01w,Jolene,,Anderson,Jolene Anderson,,G,68.0,166,Wisconsin,1986-07-22,,,,,,,,
anderke01w,Keisha,,Anderson,Keisha Anderson,,G,67.0,125,Wisconsin,1974-05-17,,,,,,,,
andrame01w,Mery,,Andrade,Mery Andrade,,F,71.0,165,Old Dominion,1975-12-31,,,,,,,,
angelyv01w,Yvette,,Angel,Yvette Angel,,G,68.0,160,Ohio State,1963-10-14,,,Sacred Heart Academy,Amherst,NY,USA,,
anosini01w,Nkolika,Nonyalem,Anosike,Nicky Anosike,Nicky,C,75.0,211,Tennessee,1986-02-27,,,St. Peters,Staten Island,NY,USA,,
appelja01w,Jayne,Katherine,Appel,Jayne Appel,,C,76.0,210,Stanford,1988-05-14,Berkeley,USA,Carondelet,Concord,CA,USA,,
arcaija01w,Janeth,dos Santos,Arcain,Janeth Arcain,,G,71.0,147,none,1969-04-11,Carapicuiba,BRA,Minas Gerais,Santo Andres,,BRA,,
artiska01w,Katasha,R.,Artis,Katasha Artis,,F,73.0,155,Northeastern,1973-07-09,,,,,,,,
askamma01w,Marlies,,Askamp,Marlies Askamp,,C,77.0,198,none,1970-08-07,Dousten,GER,,,,,,
atkinla01w,La'Tangela,,Atkinson,La'Tangela Atkinson,,G-F,72.0,172,North Carolina,1984-03-22,,,Lee Central,Bishopville,SC,USA,,
atunrmo01w,Morenike,Olayinka,Atunrase,Morenike Atunrase,,G-F,70.0,143,Texas A&M,1986-04-14,,,,,,,,
augusse01w,Seimone,Delicia,Augustus,Seimone Augustus,,F,72.0,179,Louisiana State,1984-04-30,Baton Rouge,USA,Capitol,Baton Rouge,LA,USA,,
aycocan01w,Angela,,Aycock,Angela Aycock,,G-F,74.0,172,Kansas,1973-02-28,,,,,,,,
ayimmi01w,Miranda,,Ayim,Miranda Ayim,,F,75.0,0,Pepperdine,1988-05-06,Chatham,CAN,Saunders Secondary School,London,ON,CAN,,
azizle01w,Leigh,,Aziz,Leigh Aziz,,F,75.0,177,Syracuse,1979-02-28,,,,,,,,
azzije01w,Jennifer,L.,Azzi,Jennifer Azzi,,G,68.0,143,Stanford,1968-08-31,Oak Ridge,USA,,,,,,
badertr01w,Tricia,Lynne,Bader Binford,Tricia Bader Binford,Bader Mader,G,64.0,125,Boise State,1973-02-26,Boise,USA,Roaring Fork,Carbondale,CO,USA,,
bakerla01w,Laura,,Baker,Laura Baker,,G,67.0,140,California,1968-12-18,,,,,,,,
bakersh01w,Sherill,,Baker,Sherill Baker,,G,68.0,125,Georgia,1982-12-03,,,,,,,,
balesal01w,Alison,,Bales,Alison Bales,,C,79.0,218,Duke,1985-04-04,,,Beavercreek,Beavercreek,OH,USA,,
banchrh01w,Rhonda,,Smith Banchero,Rhonda Smith Banchero,,C,75.0,185,Washington,1973-05-01,,,,,,,,
baranel01w,Elena,Viktorovna,Baranova,Elena Baranova,,F,77.0,182,Academy of Sport Moscow,1972-01-28,Bishkek,URS,47 Bishkek,Bishkek,KYG,URS,,
barksla01w,LaQuanda,,Barksdale,LaQuanda Barksdale,,G,70.0,156,North Carolina,1979-10-03,,,,,,,,
barnead01w,Adia,Oshun,Barnes,Adia Barnes,,F,71.0,165,Arizona,1977-02-03,San Diego,USA,Mission Bay,San Diego,CA,USA,,
barnequ01w,Quacy,Maria,Barnes,Quacy Barnes,Q,C,77.0,185,Indiana,1976-09-26,Benton Harbor,USA,Benton Harbor,Benton Harbor,MI,USA,,
bassmi01w,Mistie,,Bass Williams Mims,Mistie Bass Williams Mims,,F,75.0,184,Duke,1983-12-02,,,Parker,Janesville,WI,USA,,
batkosu01w,Suzy,,Batkovic,Suzy Batkovic,,C,76.0,203,,1980-12-17,Newcastle,AUS,,,,,,
batteja01w,Jacqueline,,Batteast,Jacqueline Batteast,,F,73.0,163,Notre Dame,1983-03-26,,,,,,,,
battlas01w,Ashley,,Battle,Ashley Battle,,F,72.0,170,Connecticut,1982-05-31,,,The Linsley School,Pittsburgh,PA,USA,,
bauerca01w,Cass,,Bauer-Bilodeau,Cass Bauer-Bilodeau,,F-C,76.0,180,Montana State,1972-06-27,,,,,,,,
beardal01w,Alana,,Beard,Alana Beard,,G-F,71.0,160,Duke,1982-05-14,,,Southwood,Frierson,LA,USA,,
becenry01w,Ryneldi,,Becenti,Ryneldi Becenti,,G,66.0,140,Arizona State,1971-08-11,Fort Defiance,USA,Window Rock,Window Rock,AZ,USA,,
beckan99wc,Angela,,Beck,Angela Beck,,,0.0,0,,0000-00-00,,,,,,,,
beckki01w,Kimberly,,Beck,Kimberly Beck,,G,68.0,125,George Washington,1985-12-27,,,,,,,,
bellje01w,Jennifer,,Bell,Jennifer Bell,,F,73.0,160,Florida International,1970-05-26,,,,,,,,
bennije01w,Jenni,,Benningfield,Jenni Benningfield,,F,75.0,185,Vanderbilt,1981-10-06,,,,,,,,
berezva01w,Valeriya,,Berezhynska,Valeriya Berezhynska,,C,76.0,0,Rice,1986-04-10,Nikolaev,URS,Northwest Christian Academy,Fort Worth,TX,USA,,
berggas01w,Ashley,,Berggren,Ashley Berggren,,G,70.0,170,Illinois,1976-11-18,,,,,,,,
berrysh01w,Shanda,,Berry,Shanda Berry,,F-C,75.0,175,Iowa,1967-07-06,,,,,,,,
berthlu01w,Lucienne,,Berthieu,Lucienne Berthieu,,F-C,74.0,188,Old Dominion,1978-03-31,,,,,,,,
berubca01w,Carla,,Berube,Carla Berube,,F,72.0,155,Connecticut,1975-09-02,,,,,,,,
beviltu01w,Tully,Louise,Bevilaqua (nee Crook),Tully Bevilaqua,,G,67.0,145,,1972-07-19,Merredin,AUS,,,,,,
bibbyhe01w,Henry,,Bibby,Henry Bibby,,,0.0,0,,0000-00-00,,,,,,,,
bibbyje01w,Jessica,,Bibby,Jessica Bibby,,G,67.0,139,,1979-08-23,,,,,,,,
bibrzag01w,Agnieszka,,Bibrzycka,Agnieszka Bibrzycka,,G-F,74.0,168,,1982-10-21,,,,,,,,
birdsu01w,Suzanne,Brigit,Bird,Sue Bird,Sue,G,69.0,150,Connecticut,1980-10-16,Syosset,USA,Christ the King,Middle Village,NY,USA,,
bishoab01w,Abby,,Bishop,Abby Bishop,,F-C,74.0,0,,1988-11-29,Booleroo Centre,AUS,,,,,,
bjedoni01w,Nina,,Bjedov,Nina Bjedov,,C,78.0,195,,1971-05-18,,,,,,,,
bjorkan01w,Angie,,Bjorklund,Angie Bjorklund,,F,72.0,166,Tennessee,1989-07-14,Spokane Valley,USA,University,Spokane Valley,WA,USA,,
bjorkte01w,Tera,,Bjorklund,Tera Bjorklund,,C,76.0,175,Colorado,1982-06-29,,,,,,,,
blackch01w,Chante,,Black,Chante Black,,C,77.0,188,Duke,1985-11-12,,,East Forsyth,Kernersville,NC,USA,,
blackde01w,Debbie,,Black,Debbie Black,,G,63.0,124,St. Joseph's,1966-07-29,,,,,,,,
bladerh01w,Rhonda,Renae,Blades,Rhonda Blades,,G,67.0,138,Vanderbilt,1972-10-29,Springfield,USA,Parkview,Springfield,MO,USA,,
blodgci01w,Cindy,Lee,Blodgett,Cindy Blodgett,,G,69.0,130,Maine,1975-12-23,Waterville,USA,Lawrence,Fairfield,ME,USA,,
blueni01w,Nikki,,Blue,Nikki Blue,,G,68.0,163,UCLA,1984-03-29,,,West Bakersfield,Bakersfield,CA,USA,,
blueoc01w,Octavia,,Blue,Octavia Blue,,F,73.0,163,Miami (FL),1976-08-18,,,,,,,,
bobbish01w,Shannon,,Bobbitt,Shannon Bobbitt,,G,62.0,130,Tennessee,1985-12-06,,,,,,,,
boddiwh01w,Whitney,Erinn,Boddie,Whitney Boddie,,G,69.0,149,Auburn,1987-01-23,,,Florence,Florence,AL,USA,,
boguemu01w,Muggsy,,Bogues,Muggsy Bogues,,,0.0,0,,0000-00-00,,,,,,,,
boldeba01w,Barbara,,Bolden,Barbara Bolden,,G,74.0,180,Louisiana Tech,1969-06-16,,,Huntington,Huntington,LA,USA,,
boltoru01w,Alice,Ruth,Bolton,Ruthie Bolton,Ruthie,G,69.0,150,Auburn,1967-05-25,Lucedale,USA,McClain,McClain,MS,USA,,
bondla01w,LaToya,,Bond,LaToya Bond,,G,67.0,132,Missouri,1984-02-13,,,,,,,,
bonfisu01w,Susanna,,Bonfiglio,Susanna Bonfiglio,,G,68.0,145,,1974-09-08,Savonna,ITA,,,,,,
bonnede01w,DeWanna,,Bonner,DeWanna Bonner,,G,76.0,136,Auburn,1987-08-21,,,Fairfield,Fairfield,AL,USA,,
bookeka01w,Karen,,Booker,Karen Booker,,C,73.0,170,Vanderbilt,1965-04-10,Franklin,USA,,,,,,
bosweca01w,Catherine,La Ora,Boswell,Cathy Boswell,Cathy,F-G,72.0,168,Illinois State,1962-11-10,Joliet,USA,,,,,,
bouceje01w,Jenny,,Boucek,Jenny Boucek,,G,68.0,130,Virginia,1973-12-20,,,,,,,,
bouchke01w,Kelly,Anne,Boucher,Kelly Boucher,,F,74.0,163,,1968-01-13,Calgary,CAN,,,,,,
bowenli01w,Lindsay,,Bowen,Lindsay Bowen,,G,67.0,145,Michigan State,1983-10-25,,,,,,,,
boydca01w,Carla,Maree,Boyd,Carla Boyd,,F,73.0,172,,1975-10-31,Wynyard,AUS,,,,,,
boyerli99w,Lisa,,Boyer,Lisa Boyer,,,0.0,0,,0000-00-00,,,,,,,,
bradlki01w,Kisa,,Bradley,Kisa Bradley,,F-C,77.0,185,Oral Roberts,1974-08-26,,,,,,,,
brancli01w,Lisa,,Branch,Lisa Branch,,G,64.0,0,Texas A&M,0000-00-00,,,,,,,,
branzal01w,Albena,Boicheva,Branzova,Albena Branzova,,F,76.0,180,Florida International,1971-07-17,,,,,,,,
branzge01w,Gergana,Boicheva,Branzova,Gergana Branzova,"Gigi,Branzi",F,76.0,175,Florida International,1976-07-25,Bourgas,BUL,Jurii Gagarin,Bourgas,,BUL,,
braxtja01w,Janice,Faye,Braxton (nee Lawrence),Janice Braxton,,F-C,75.0,178,Louisiana Tech,1973-10-06,Lucedale,USA,,,,,,
braxtka01w,Kara,,Braxton,Kara Braxton,,F-C,78.0,210,Georgia,1983-02-18,,,,,,,,
brazian01w,Angie,,Braziel,Angie Braziel,,F,74.0,169,Texas Tech,1976-09-18,,,,,,,,
brcanra01w,Razija,Mijanovic,Brcaninovic,Razija Brcaninovic,,C,80.0,198,none,1967-04-15,Ratkovac,YUG,,,,,,
brelaje01w,Jessica,,Breland,Jessica Breland,,F,75.0,170,North Carolina,1988-02-23,,,Bertie,Windsor,NC,USA,,
bristre01w,Reshea,,Bristol,Reshea Bristol,,G,70.0,139,Arizona,1978-02-10,,,,,,,,
brogami01w,Michelle,Kathleen,Brogan,Michelle Brogan,,F,73.0,177,,1973-02-08,Adelaid,AUS,,,,,,
brondsa01w,Sandra,Anne,Brondello,Sandy Brondello,Sandy,G,67.0,136,U. Western Sydney,1968-08-20,Eton,AUS,Mirani State,Mirani,Qld,AUS,,
brownci01w,Cynthia,Louise,Brown,Cindy Brown,Cindy,F-C,74.0,183,Long Beach State,1965-03-16,Portland,USA,Ulysses S. Grant,Portland,OR,USA,,
brownco01w,Coretta,,Brown,Coretta Brown,,G,69.0,150,North Carolina,1980-10-21,,,Southeast Bulloch,Brooklet,GA,USA,,
brownde01w,Dee,,Brown,Dee Brown,,,0.0,0,,0000-00-00,,,,,,,,
browned01w,Edwina,,Brown,Edwina Brown,,G-F,69.0,163,Texas,1978-07-01,,,,,,,,
brownki01w,Kiesha,,Brown,Kiesha Brown,,G,70.0,134,Georgia,1979-01-13,Atlanta,USA,Woodward Academy,Atlanta,GA,USA,,
brownla01w,La'Shawn,,Brown,La'Shawn Brown,,C,75.0,180,Louisiana Tech,1972-12-01,,,,,,,,
brownle01w,Lesley,,Brown,Lesley Brown,,F,72.0,166,Virginia,1977-06-03,,,,,,,,
brownru01w,Yerushia,,Brown,Rushia Brown,Rushia,F,74.0,175,Furman,1972-05-05,New York,USA,Summerville,Summerville,SC,USA,,
brucegr99w,Greg,,Bruce,Greg Bruce,,,0.0,0,,0000-00-00,,,,,,,,
brumfma01w,Marla,,Brumfield,Marla Brumfield,,G,68.0,133,Rice,1978-06-06,,,,,,,,
brungje01w,Jessica,,Brungo,Jessica Brungo,,F,73.0,165,Penn State,1982-04-16,,,,,,,,
brunsre01w,Rebekkah,,Brunson,Rebekkah Brunson,,F,75.0,175,Georgetown,1981-12-11,,,,,,,,
bryanjo01w,Joe,,Bryant,Joe Bryant,,,0.0,0,,0000-00-00,,,,,,,,
bullevi01w,Victoria,Andrea,Bullett,Vicky Bullett,Vicky,F,75.0,185,Maryland,1967-10-04,Martinsburg,USA,Martinsburg,Martinsburg,WV,USA,,
burgean01w,Annie,Lilian,Burgess,Annie Burgess,,G,67.0,141,,1969-04-10,Port Moresby,PNG,,,,,,
burgehe01w,Heather,,Burge,Heather Burge,,C,77.0,195,Virginia,1971-11-11,Harbor City,USA,Palos Verdes,Palos Verdes,CA,USA,,
burgehe02w,Heidi,Ann,Burge,Heidi Burge,,F,77.0,180,Virginia,1971-11-11,Harbor City,USA,Palos Verdes,Palos Verdes,CA,USA,,
burgeli01w,Linda,Gail,Burgess,Linda Burgess,,F,73.0,173,Alabama,1969-07-27,Madison,USA,Bob Jones,Madison,AL,USA,,
burraal01w,Alisa,,Burras,Alisa Burras,,C,75.0,218,Louisiana Tech,1975-06-23,,,,,,,,
burseja01w,Janell,,Burse,Janell Burse,,C,77.0,199,Tulane,1979-05-19,,,,,,,,
buttsta01w,Tasha,,Butts,Tasha Butts,,G,71.0,160,Tennessee,1982-03-10,,,,,,,,
byearla01w,Latasha,Nashay,Byears,Latasha Byears,,G-F,71.0,206,DePaul,1973-08-12,Memphis,USA,Bolton,Millington,TN,USA,,
byrdla01w,Laurie,,Byrd,Laurie Byrd,,G,66.0,131,Eastern Michigan,1960-02-01,,,,,,,,
cabezli01w,Liliana,,Cabezas,Liliana Cabezas,,F-C,75.0,178,Central Florida CC,1973-10-25,,COL,,,,,,
cainke01w,Kelley,,Cain,Kelley Cain,,C,78.0,220,Tennessee,1989-05-16,,,St. Pius X Catholic,Atlanta,GA,USA,,
camba01w,Elizabeth,,Cambage,Elizabeth Cambage,Liz,C,80.0,215,none,1991-08-18,Southwark,ENG,,,,,,
campbed01w,Edna,,Campbell,Edna Campbell,,G,68.0,152,Texas,1968-11-26,,,,,,,,
campbmi01w,Michelle,,Campbell,Michelle Campbell,,F-C,77.0,170,USC,1974-02-20,,,,,,,,
cantydo01w,Dominique,,Canty,Dominique Canty,,G-F,69.0,162,Alabama,1977-03-02,,,Whitney Young,Chicago,IL,USA,,
careyja01w,Jamie,,Carey,Jamie Carey,,G,66.0,135,Texas,1981-03-12,,,Horizon,Thornton,CO,USA,,
carsoes01w,Essence,,Carson,Essence Carson,,G-F,72.0,165,Rutgers,1986-07-28,,,Eastside,Paterson,NJ,USA,,
carteam01w,Amisha,,Carter,Amisha Carter,,F,74.0,185,Louisiana State,1982-06-21,,,,,,,,
cartede01w,Deborah,,Carter,Deborah Carter,,G-F,72.0,185,Georgia,1972-01-03,,,,,,,,
cartesy01w,Sydney,Rene,Carter,Sydney Carter,,G,66.0,0,Texas A&M,1990-11-18,Dallas,USA,DeSoto,DeSoto,TX,USA,,
cashsw01w,Swintayla,Marie,Cash,Swin Cash,Swin,F,73.0,162,Connecticut,1979-09-22,McKeesport,USA,McKeesport Area,McKeesport,PA,USA,,
cassija01w,Jamie,,Cassidy,Jamie Cassidy,,C,75.0,187,Maine,1978-09-12,,,,,,,,
castriz01w,Iziane,,Castro Marques,Iziane Castro Marques,,F-G,72.0,140,,1982-03-13,San Luis do Maranhao,BRA,,,,,,
catchta01w,Tamika,Devonne,Catchings,Tamika Catchings,,F,73.0,167,Tennessee,1979-07-21,Stratford,USA,Stevenson / Duncanville,Lincolnshire / Duncanville,IL / TX,USA,,
caufila01w,LaNeishea,,Caufield,LaNeishea Caufield,,G,69.0,159,Oklahoma,1980-05-25,,,,,,,,
cebriel01w,Elisabeth,,Cebrian Scheurer,Elisabeth Cebrian,"Betty,Gigante Femenino",C,77.0,190,none,1971-02-07,"Reus,Taragona",ESP,,,,,,
chacoke01w,Keri,,Chaconas,Keri Chaconas,,G,69.0,151,George Mason,1974-12-21,,,,,,,,
chambco01w,Cori,,Chambers,Cori Chambers,,G,69.0,160,Georgia,1985-07-06,,,,,,,,
chancva99w,Van,,Chancellor,Van Chancellor,,,0.0,0,,0000-00-00,,,,,,,,
chanequ01w,Quianna,,Chaney,Quianna Chaney,,G,71.0,160,Louisiana State,1986-04-14,,,,,,,,
chapmji01w,Jill,,Chapman-Daily,Jill Chapman-Daily,,C,75.0,206,Indiana,1979-11-04,,,,,,,,
charlda01w,Daedra,Janel,Charles,Daedra Charles,,F-C,75.0,141,Tennessee,1968-11-22,Detroit,USA,,,,,,
charlti01w,Tina,Alexandria,Charles,Tina Charles,,C,76.0,198,Connecticut,1988-12-05,Flushing,USA,Christ the King,Middle Village,NY,USA,,
chaseso01w,Sonia,Lynn,Chase,Sonia Chase,,G,69.0,150,Maryland,1976-03-09,Baltimore,USA,McDonough School,Owings Mills,MD,USA,,
chatmda99w,Dana,,Chatman,Dana Chatman,Pokey,,0.0,0,,0000-00-00,,,,,,,,
cheekjo01w,Joy,Kristin,Cheek,Joy Cheek,,F,73.0,201,Duke,1988-06-25,Hyattsville,USA,South Mecklenburg,Charlotte,NC,USA,,
cheruam01w,Amy,,Cherubini,Amy Cherubini,,G,70.0,140,Indiana,1970-04-18,,,,,,,,
chestfe01w,Felicia,,Chester,Felicia Chester,,F,75.0,180,DePaul,1988-03-24,St. Louis,USA,,,,,,
choneka01w,Kaayla,,Chones,Kaayla Chones,,C,75.0,180,North Carolina State,1981-01-11,,,,,,,,
chriska01w,Kayte,,Christensen,Kayte Christensen,,F,74.0,171,UC Santa Barbara,1980-11-16,,,,,,,,
chriska02w,Karima,Brittany,Christmas,Karima Christmas,,F,72.0,180,Duke,1989-09-11,Long Beach,USA,J. Frank Dobie,Houston,TX,USA,,
chrissh01w,Shameka,,Christon,Shameka Christon,,F,73.0,170,Arkansas,1982-02-15,,,,,,,,
cironkr01w,Kristi,Mary Rose,Cirone,Kristi Cirone,,G,68.0,150,Illinois State,1987-05-19,Chicago,USA,Resurrection,Chicago,IL,USA,,
clarkal01w,Alysha,,Clark,Alysha Clark,,F,70.0,167,Middle Tennessee State,1987-07-07,,,,,,,,
clarkma01w,Margold,,Clark,Margold Clark,,F-C,75.0,0,Arizona,1971-01-01,,,Senn Metropolitan Academy,Chicago,IL,USA,,
cleamji01w,Jim,,Cleamons,Jim Cleamons,,,0.0,0,,0000-00-00,,,,,,,,
clearmi01w,Michelle,Louise,Chandler Cleary,Michelle Cleary,,G,66.0,126,Australian Institute of Sport,1974-07-16,Geelong,AUS,,,,,,
clinest01w,Stacy,,Clinesmith,Stacy Clinesmith,,G,65.0,148,UC Santa Barbara,1978-04-22,,,,,,,,
coggicl01w,Claire,,Coggins,Claire Coggins,,G,71.0,170,Kansas State,1985-05-19,Lee Summit,USA,Lee Summit North,Lee Summit,MO,USA,,
cokermo01w,Monique,,Coker,Monique Coker,,F,73.0,180,Old Dominion,1982-11-28,,,,,,,,
colemco01w,Courtney,,Coleman,Courtney Coleman,,F,72.0,170,Ohio State,1981-04-13,,,,,,,,
colemma01w,Marissa,,Coleman,Marissa Coleman,,G-F,73.0,160,Maryland,1987-01-04,,,St. Johns College,Washington,DC,USA,,
colleka01w,Katrina,Yvette,Colleton,Katrina Colleton,Tree,G-F,70.0,145,Maryland,1971-03-17,Tampa,USA,East Bay,Tampa,FL,USA,,
colsosy01w,Sydney,,Colson,Sydney Colson,,G,68.0,140,Texas A&M,1989-08-06,Houston,USA,Westside,Houston,TX,USA,,
compame01w,Megan,Helen,Compain,Megan Compain,,G,69.0,143,St. Joseph's,1975-09-18,Wanganui,NZL,,,,,,
congran01w,Andrea,,Congreaves,Andrea Congreaves,,F-C,74.0,183,Mercer,1970-06-03,,,,,,,,
conklab01w,Abby,,Conklin,Abby Conklin,,F,75.0,175,Tennessee,1975-02-10,,,Charlestown,Charlestown,IN,USA,,
consuca01w,Cara,,Consuegra,Cara Consuegra,,G,68.0,144,Iowa,1979-03-04,,,,,,,,
coopeca01w,Camille,,Cooper,Camille Cooper,,C,76.0,176,Purdue,1979-02-05,,,,,,,,
coopecy01w,Cynthia,Lynne,Cooper,Cynthia Cooper,,G,70.0,150,USC,1963-04-14,Chicago,USA,,,,,,
coopemi01w,Michael,,Cooper,Michael Cooper,,,0.0,0,,0000-00-00,,,,,,,,
cowenda01w,Dave,,Cowens,Dave Cowens,,,0.0,0,,0000-00-00,,,,,,,,
coylepa99w,Pat,,Coyle,Pat Coyle,,,0.0,0,,0000-00-00,,,,,,,,
crawlsy01w,Sylvia,,Crawley,Sylvia Crawley,,F-C,77.0,187,North Carolina,1972-09-27,,,,,,,,
crockda01w,Danielle,,Crockrom,Danielle Crockrom,,F,73.0,158,Baylor,1981-02-11,,,,,,,,
crockwi01w,Willnett,,Crockett,Willnett Crockett,,F,74.0,215,Connecticut,1984-07-05,Los Angeles,USA,Nathaniel Narbonne,Harbor City,CA,USA,,
cronika01w,Katie,,Cronin,Katie Cronin,,G,72.0,155,Colorado State,1977-09-08,,,,,,,,
crosssh01w,Shanna,,Zolman Crossley,Shanna Zolman Crossley,,G,70.0,155,Tennessee,1983-09-07,,,Wawasee,Syracuse,IN,USA,,
crumpca01w,Cassandra,,Crumpton-Moorer,Cassandra Crumpton-Moorer,,G,70.0,158,Alabama,1962-10-29,,,,,,,,
cummiki01w,Kirsten,,Cummings,Kirsten Cummings,,F,75.0,188,Long Beach State,1963-08-29,,,,,,,,
cunnibe01w,Beth,,Morgan Cunningham,Beth Morgan Cunningham,,G,72.0,163,Notre Dame,1975-06-05,,,,,,,,
cunnida01w,Davalyn,,Cunningham,Davalyn Cunningham,,F,72.0,187,Rutgers,1980-01-27,,,,,,,,
cunnima01w,Mara,,Cunningham,Mara Cunningham,,F-C,76.0,0,Vanderbilt,1973-05-20,,,Fairfax,Fairfax,VA,USA,,
currimo01w,Monique,,Currie,Monique Currie,,F,72.0,177,Duke,1983-02-25,,,The Bullis School,Washington,DC,USA,,
curryed01w,Edniesha,,Curry,Edniesha Curry,,G,64.0,138,Oregon,1979-07-09,,,,,,,,
dailesh99w,Shell,,Dailey,Shell Dailey,,,0.0,0,,0000-00-00,,,,,,,,
dalesst01w,Stacey,,Dales,Stacey Dales,,G-F,72.0,155,Oklahoma,1979-09-05,Collingwood,CAN,,,,,,
daleygr01w,Grace,,Daley,Grace Daley,,G,66.0,147,Tulane,1978-06-26,,,,,,,,
darlihe01w,Helen,,Darling,Helen Darling,,G,66.0,164,Penn State,1978-08-29,,,Brookhaven,Columbus,OH,USA,,
darscna99w,Nancy,,Darsch,Nancy Darsch,,,0.0,0,,0000-00-00,,,,,,,,
davenje01w,Jessica,,Davenport,Jessica Davenport,,C,77.0,215,Ohio State,1985-06-24,,,Independence,Columbus,OH,USA,,
davisbr01w,Brandi,,Davis,Brandi Davis,,G,72.0,172,Oregon,1983-01-01,,,,,,,,
daviscl01w,Clarissa,Glennet,Davis-Wrightsil,Clarissa Davis-Wrightsil,,F,73.0,165,Texas,1967-06-04,San Antonio,USA,,,,,,
davisde01w,Deeona,,Davis,Dee Davis,Dee,G,67.0,138,Vanderbilt,1984-11-08,Cincinnati,USA,Princeton,Cincinnati,OH,USA,,
davisla01w,Latina,,Davis,Latina Davis,,G,67.0,145,Tennessee,1974-10-08,,,Franklin County,Winchester,TN,USA,,
davista01w,Tara,,Davis,Tara Davis,,F,70.0,160,Washington,1972-09-25,,,,,,,,
davista02w,Tanae,,Davis-Cain,Tanae Davis-Cain,,G,71.0,0,Florida State,1987-06-07,Dawson,USA,Terrell County,Dawson,GA,USA,,
dedenka01w,Karen,,Deden,Karen Deden,,F,76.0,170,Washington,1969-09-23,,,Sentinel,Missoula,MT,USA,,
deforan01w,Anna,,DeForge,Anna DeForge,,G,70.0,160,Nebraska,1976-04-14,,,,,,,,
derevje01w,Jennifer,,Derevjanik,Jennifer Derevjanik,,G,70.0,140,George Mason,1982-03-29,,,,,,,,
desouer01w,Erika,Cristina,de Souza,Erika Desouza,,F-C,77.0,190,,1982-03-03,Rio de Janeiro,BRA,,,,,,
dickeke01w,Keitha,,Dickerson,Keitha Dickerson,,F,71.0,165,Texas Tech,1978-04-20,,,Elk City,Elk City,OK,USA,,
dillata01w,Tai,,Dillard,Tai Dillard,,G,69.0,154,Texas,1981-05-06,,,,,,,,
dixonin01w,Ingrid,,Dixson,Ingrid Dixon,,C,75.0,0,California,1972-09-16,,,Edgewood,West Covina,CA,USA,,
dixonta01w,Tamecka,,Dixon,Tamecka Dixon,,G,69.0,148,Kansas,1975-12-14,,,Linden,Linden,NJ,USA,,
doagela01w,LaToya,,Doage,LaToya Doage,,G,66.0,137,Nebraska,1975-05-15,,,,,,,,
domonna01w,Nadine,,Domond,Nadine Domond,,G,70.0,132,Iowa,1975-09-28,,,Bridgeport Central,Bridgeport,CT,USA,,
donapbe01w,Bethany,,Donaphin,Bethany Donaphin,,F-C,74.0,195,Stanford,1980-08-27,,,,,,,,
donovan99w,Anne,,Donovan,Anne Donovan,,,0.0,0,,0000-00-00,,,,,,,,
doronsh01w,Shay,,Doron,Shay Doron,,G,69.0,145,Maryland,1985-04-01,Ramat Hasharon,ISR,Christ the King (jr-sr),Middle Village,NY,USA,,
dossaci01w,Cintia,Silva,dos Santos,Cintia dos Santos,,C,77.0,187,,1975-01-31,Maua,BRA,,,,,,
douglka01w,Katie,,Douglas,Katie Douglas,,G-F,72.0,167,Purdue,1979-05-07,,,,,,,,
duffyme01w,Megan,,Duffy,Megan Duffy,,G,67.0,135,Notre Dame,1984-07-13,,,,,,,,
dunlavi01w,Victoria,,Dunlap,Victoria Dunlap,,F,73.0,160,Kentucky,1989-09-19,Nashville,USA,,,,,,
dunnli99wc,Lin,,Dunn,Lin Dunn,,,0.0,0,,0000-00-00,,,,,,,,
dunntr01wc,T.R.,,Dunn,T.R. Dunn,,,0.0,0,,0000-00-00,,,,,,,,
dupreca01w,Candice,,Dupree,Candice Dupree,,F,74.0,162,Temple,1984-08-16,,,,,,,,
dydekka01w,Katarzyna,Elzbieta,Dydek,Kashka Dydek,Kashka,F-C,79.0,190,Evangel,1970-03-21,Warsaw,POL,,,,,,
dydekma01w,Malgorzata,Teresa,Dydek,Margo Dydek,Margo,C,9.0,223,,1974-04-28,Warsaw,POL,,,,,,
edwarmi01w,Michelle,,Edwards,Michelle Edwards,,G,69.0,150,Rutgers,1966-03-06,,,,,,,,
edwarsi01w,Simone,,Edwards,Simone Edwards,,C,76.0,164,Iowa,1973-11-17,,,,,,,,
edwarte01w,Teresa,,Edwards,Teresa Edwards,,G-F,71.0,155,Georgia,1964-07-09,Cairo,USA,,,,,,
edwarto01w,Tonya,,Edwards,Tonya Edwards,,G,70.0,160,Tennessee,1968-03-13,,,,,,,,
elysh01w,Shyra,,Ely,Shyra Ely,,F,74.0,182,Tennessee,1983-08-09,,,Ben Davis,Indianapolis,IN,USA,,
enissh01w,Shalonda,,Enis,Shalonda Enis,,F-C,73.0,185,Alabama,1974-12-03,,,,,,,,
erbsu01w,Summer,,Erb,Summer Erb,,C,78.0,240,North Carolina State,1977-07-25,,,,,,,,
ervinla01w,Lauren,,Ervin,Lauren Ervin,,F,76.0,171,Arkansas,1985-03-24,,,,,,,,
estessh99w,Sheryl,,Estes,Sheryl Estes,,,0.0,0,,0000-00-00,,,,,,,,
evansda01w,Dawn,,Evans,Dawn Evans,,G,67.0,0,James Madison,1989-06-30,,,Northeast,Clarksville,TN,USA,,
evansde01w,Dena,,Evans,Dena Evans,,G,64.0,125,Virginia,1970-10-11,,,,,,,,
fallotr01w,Trisha,Nicole,Fallon,Trisha Fallon,Trish,G-F,75.0,165,,1972-07-23,Melbourne,AUS,,,,,,
farriba01w,Barbara,,Farris,Barbara Farris,,C-F,75.0,200,Tulane,1976-09-10,,,,,,,,
feastal01w,Allison,,Feaster,Allison Feaster,,F,71.0,168,Harvard,1976-02-11,,,,,,,,
feifesu01w,Sui,,Feifei,Sui Feifei,,G,73.0,162,,1979-01-29,Qingdao,CHN,,,,,,
feldeja01w,Janice,,Felder,Janice Felder,,F,73.0,0,Southern Mississippi,1969-10-16,,,,,,,,
ferdima01w,Marie,,Ferdinand-Harris,Marie Ferdinand-Harris,,G,69.0,153,Louisiana State,1978-10-13,,,,,,,,
fernama01w,Marta,,Fernandez Farres,Marta Fernandez,,G,71.0,138,,1981-12-21,Barcelona,ESP,,,,,,
ferrama01w,Marina,,Ferragut Castillo,Marina Ferragut,,F,75.0,190,,1972-02-11,Barcelona,ESP,,,,,,
figgsuk01w,Ukari,Okien,Figgs,Ukari Figgs,,G,69.0,142,Purdue,1977-03-31,Georgetown,USA,,,,,,
fijalis01w,Isabelle,,Fijalkowski,Isabelle Fijalkowski,,C,77.0,200,Colorado,1972-05-23,Clermont-Ferrand,FRA,,,,,,
firsool01w,Olga,,Firsova,Olga Firsova,,C,78.0,215,Kansas State,1976-04-23,,,,,,,,
floremi01w,Milena,,Flores,Milena Flores,,G,66.0,125,Stanford,1977-10-19,,,,,,,,
flukety01w,Tye'sha,,Fluker,Tye'sha Fluker,,C,77.0,209,Tennessee,1984-12-27,,,Muir,Chino,CA,USA,,
folklkr01w,Kristin,,Folkl,Kristin Folkl,,F,74.0,190,Stanford,1975-12-19,,,St. Joseph's Academy,St. Louis,MO,USA,,
fordch01w,Cheryl,,Ford,Cheryl Ford,,F,75.0,198,Louisiana Tech,1981-06-06,Homer,USA,Summerfield,Summerfield,LA,USA,,
fordki01w,Kisha,,Ford,Kisha Ford,,G-F,70.0,153,Georgia Tech,1975-04-04,,,Bryn Mawr,Baltimore,MD,USA,,
fordst01w,Stacey,,Ford,Stacey Ford,,F,74.0,185,Georgia,1969-01-14,,,,,,,,
fortnne99w,Nell,,Fortner,Nell Fortner,,,0.0,0,,0000-00-00,,,,,,,,
fostecl99w,Cliffa,,Foster,Cliffa Foster,,,0.0,0,,0000-00-00,,,,,,,,
fosteto01w,Toni,,Foster,Toni Foster,,F,73.0,175,Iowa,1971-10-16,,,,,,,,
fowlesy01w,Sylvia,Shaqueria,Fowles,Sylvia Fowles,,C,78.0,200,Louisiana State,1985-10-06,Miami,USA,Gulliver Prep,Miami,FL,USA,,
francde01w,Desiree,,Francis,Desiree Francis,,F,70.0,193,Iowa State,1975-08-24,,,,,,,,
frankaq01w,A'Quonesia,Krashun,Franklin,A'Quonesia Franklin,,G,64.0,154,Texas A&M,1985-09-29,,,,,,,,
frankba01w,Barb,,Franke,Barb Franke,,F-C,0.0,0,Wisconsin,0000-00-00,,,Cedar Falls,Cedar Falls,IA,USA,,
frazeme01w,Megan,,Frazee,Megan Frazee,,F,75.0,191,Liberty,1987-03-29,,,,,,,,
freemla01w,Lauretta,,Freeman,Lauretta Freeman,,F,73.0,175,Auburn,1971-03-17,,,,,,,,
fresest01w,Stacy,,Frese,Stacy Frese,,G,68.0,126,Iowa State,1976-09-23,,,,,,,,
frettla01w,La'Keshia,,Frett,La'Keshia Frett,,F,75.0,170,Georgia,1975-06-12,,,Phoebus,Hampton,VA,USA,,
friertr01w,Trina,,Frierson,Trina Frierson,,F,74.0,186,Louisiana Tech,1979-08-23,,,,,,,,
frohlli01w,Linda,,Frohlich,Linda Frohlich,,F-C,75.0,185,,1979-06-23,,,,,,,,
frostsh01w,Sheila,,Frost,Sheila Frost,,C,76.0,184,Tennessee,1966-12-19,,,,,,,,
futreca01w,Candace,,Futrell,Candace Futrell,,G,70.0,154,Duquesne,1982-07-10,,,,,,,,
gaineco01w,Corey,,Gaines,Corey Gaines,,,0.0,0,,0000-00-00,,,,,,,,
gaithka01w,Katryna,,Gaither,Katryna Gaither,,C,75.0,170,Notre Dame,1975-08-13,,,,,,,,
gamblam01w,Amy,Jean,Gamble,Amy Gamble,,F,70.0,163,Arizona,1964-12-17,Wheeling,USA,John Marshall,Glen Dale,WV,USA,,
ganttr01w,Travesa,,Gant,Travesa Gant,,C,74.0,181,Lamar,1971-10-10,,,,,,,,
garcibe01w,Begona,,Garcia Pinero,Begona Garcia,,G,65.0,135,,1976-09-03,Cadiz,ESP,,,,,,
gardike01w,Kerri,,Gardin,Kerri Gardin,,F,73.0,168,Virginia Tech,1984-05-19,,,,,,,,
gardnan01w,Andrea,,Gardner,Andrea Gardner,,F-C,75.0,190,Howard,1979-12-23,,,,,,,,
garnean01w,Andrea,,Garner,Andrea Garner,,F-C,75.0,160,Penn State,1979-01-05,,,,,,,,
gaydeco01w,Cornelia,,Gayden,Cornelia Gayden,,G,69.0,150,Louisiana State,1971-05-11,,,,,,,,
gaypi01w,Pietra,,Gay,Pietra Gay,,G-F,71.0,183,Louisiana State,1974-08-21,,,,,,,,
gearlka01w,Katie,,Gearlds,Katie Gearlds,,G-F,73.0,184,Purdue,1984-10-26,Beech Grove,USA,Beech Grove,Beech Grove,IN,USA,,
gessiki01w,Kim,,Gessig,Kim Gessig,,F,75.0,175,USC,1970-12-29,,,,,,,,
gibsoke01w,Kelley,,Gibson,Kelley Gibson,,F-G,70.0,136,Maryland,1976-11-10,,,,,,,,
gilbrbr01w,Briana,Renee,Gilbreath,Briana Gilbreath,,G,73.0,0,USC,1990-08-16,Houston,USA,Cinco Ranch,Katy,TX,USA,,
gilloje01w,Jennifer,,Gillom,Jennifer Gillom,,F-C,75.0,180,Mississippi,1964-06-13,Abbeville,USA,,,,,,
gilmous01w,Usha,,Gilmore,Usha Gilmore,,G,71.0,158,Rutgers,1978-08-24,Moncks Corner,USA,,,,,,
gisseka01w,Kamela,,Gissendanner,Kamela Gissendanner,,F,73.0,178,Penn State,1985-07-27,,,,,,,,
givench01w,Chrissy,Tiyana,Givens,Chrissy Givens,,G,70.0,0,Middle Tennessee State,1985-07-26,Monroe,USA,Ouachita,Monroe,LA,USA,,
godbyli01w,Linda,,Godby,Linda Godby,,F-C,78.0,163,Auburn,1968-10-17,,,Warren Central,Warren,IN,USA,,
gomisem01w,Emilie,,Gomis,Emilie Gomis,,G,71.0,134,,1983-10-18,Ziguinchor,SEN,,,,,,
goodemo01w,Molly,,Goodenbour,Molly Goodenbour,,G,66.0,130,Stanford,1972-02-08,,,,,,,,
goodeti01w,Tiffany,,Gooden,Tiffany Gooden,,F,71.0,165,Iowa,1975-10-23,,,R. Nelson Snider,Fort Wayne,IN,USA,,
goodlsa01w,Sasha,Samolia,Goodlett,Sasha Goodlett,,C,77.0,239,Georgia Tech,1990-08-09,Jackson,USA,Clinton,Jackson,MS,USA,,
goodsad01w,Adrienne,,Goodson,Adrienne Goodson,,F,72.0,165,Old Dominion,1966-10-19,,,,,,,,
gordobr01w,Bridgette,C.,Gordon,Bridgette Gordon,,F,72.0,159,Tennessee,1967-04-27,Deland,USA,,,,,,
goringi01w,Gillian,Rachael,Goring,Gillian Goring,Gigi,C,79.0,225,North Carolina State (jr-sr),1983-06-07,Morvant,TRI,Waterloo West,Waterloo,IA,USA,,
gortmsh01w,Shaunzinski,,Gortman,Shaunzinski Gortman,,G,70.0,158,South Carolina,1979-12-07,,,,,,,,
grafca99wc,Carrie,,Graf,Carrie Graf,,,0.0,0,,0000-00-00,,,,,,,,
grahama01w,Margo,,Graham,Margo Graham,,C,75.0,240,Houston,1970-12-18,,,St. Agnes,Houston,TX,USA,,
granter01w,Erin,,Grant,Erin Grant,,G,68.0,125,Texas Tech,1984-06-13,,,Mansfield,Mansfield,TX,USA,,
gravede01w,Denique,,Graves,Denique Graves,,C,77.0,212,Howard,1975-09-16,,,,,,,,
graylal01w,Alexis,,Gray-Lawson,Alexis Gray-Lawson,,G,68.0,176,California,1987-04-21,Oakland,USA,Oakland Tech,Oakland,CA,USA,,
grecomi01w,Michelle,,Greco,Michelle Greco,,G,69.0,145,UCLA,1980-03-24,,,,,,,,
greenci01w,Cisti,Nicole,Greenwalt,Cisti Greenwalt,,C,77.0,183,Texas Tech,1983-04-04,Clovis,USA,Clovis,Clovis,NM,USA,,
greenka01w,Kalana,Lanette,Greene,Kalana Greene,,G,70.0,170,Connecticut,1987-07-13,St. Stephen,USA,Timberland,St. Stephen,SC,USA,,
grginve01w,Vedrana,,Grgin-Fonseca,Vedrana Grgin-Fonseca,,F,73.0,160,,1975-01-13,,,,,,,,
griffke01w,Kelsey,,Griffin,Kelsey Griffin,,F,74.0,179,Nebraska,1987-07-02,Eagle River,USA,Chugiak,Chugiak,AK,USA,,
griffyo01w,Yolanda,Yvette,Griffith,Yolanda Griffith,Yo Yo,C-F,75.0,188,Florida Atlantic,1970-03-01,Chicago,USA,George Washington Carver,Chicago,IL,USA,,
groomla01w,LeJuana,Anjanette,Hardmon Grooms,Lady Grooms,Lady,G-F,70.0,160,Georgia,1970-09-12,Raleigh,USA,Brown,Atlanta,GA,USA,,
grubigo01w,Gordana,,Grubin,Gordana Grubin,,G,71.0,165,,1972-08-20,,,,,,,,
grudasa01w,Sandrine,,Gruda,Sandrine Gruda,,F-C,76.0,185,,1987-06-25,Cannes,FRA,,,,,,
guytowa01w,Wanda,,Guyton,Wanda Guyton,,F,73.0,178,South Florida,1965-10-14,,,Hillsborough,Tampa,FL,USA,,
hagiwmi01w,Mikiko,,Hagiwara,Mikiko Hagiwara,,G,71.0,161,,1970-04-27,Fukushima,JPN,,,,,,
hairska01w,Kamesha,,Hairston,Kamesha Hairston,,F,72.0,150,Temple,1985-08-18,Toledo,USA,Bowsher,Toledo,OH,USA,,
hallam01w,Amber,,Hall,Amber Hall,,F,75.0,180,Washington,1977-12-29,,,,,,,,
hallvi01w,Vicki,,Hall,Vicki Hall,,F,73.0,180,Texas,1969-10-03,,,,,,,,
hamblan01w,Angela,,Hamblin,Angela Hamblin,Angie,G,70.0,170,Iowa,1976-09-30,,,Lew Wallace,Gary,IN,USA,,
hammobe01w,Rebecca,Lynn,Hammon,Becky Hammon,Becky,G,66.0,136,Colorado State,1977-03-11,Rapid City,USA,Stevens,Rapid City,SD,USA,,
hamptky01w,Kym,,Hampton,Kym Hampton,,F,74.0,210,Arizona State,1962-11-03,,,,,,,,
hamzoro01w,Romana,,Hamzova,Romana Hamzova,,G,69.0,152,,1970-08-17,Prerov,TCH,,,,,,
hardili01w,Lindsey,,Harding,Lindsey Harding,,G,68.0,139,Duke,1984-06-12,,,,,,,,
hardish01w,Shantel,,Hardison,Shantel Hardison,,G,69.0,165,Louisiana Tech,1969-06-27,,,,,,,,
hargrli99w,Linda,,Hargrove,Linda Hargrove,,,0.0,0,,0000-00-00,,,,,,,,
harpela01w,Laura,,Harper,Laura Harper,,F-C,77.0,190,Maryland,1986-04-11,Elkins Park,USA,Cheltenham,Wynecote,PA,USA,,
harriam01w,Amber,,Harris,Amber Harris,,F,77.0,202,Xavier,1988-01-16,Indianapolis,USA,North Central,Indianapolis,IN,USA,,
harrido01w,Donna,,Harrington,Donna Harrington,,F,75.0,190,Old Dominion,1966-09-29,,,,,,,,
harrifr01w,Fran,,Harris,Fran Harris,,G,72.0,154,Texas,1965-03-12,Dallas,USA,South Oak Cliff,Dallas,TX,USA,,
harrili01w,Lisa,,Harrison,Lisa Harrison,,F,73.0,164,Tennessee,1971-01-02,,,,,,,,
harrokr01w,Kristi,Lee,Harrower,Kristi Harrower,,G,64.0,139,,1975-03-04,Bendigo,AUS,,,,,,
harveca99w,Candi,,Harvey,Candi Harvey,,,0.0,0,,0000-00-00,,,,,,,,
haydeva01w,Vanessa,L'asonya,Hayden,Vanessa Hayden,,C,76.0,240,Florida,1982-06-05,Orlando,USA,William R. Boone,Orlando,FL,USA,,
hayesti01w,Tiffany,,Hayes,Tiffany Hayes,,G,70.0,0,Connecticut,1989-09-20,,,Winter Haven,Lakeland,FL,USA,,
haynikr01w,Kristin,,Haynie,Kristin Haynie,,G,69.0,147,Michigan State,1983-06-17,,,,,,,,
headde01w,Dena,,Head,Dena Head,,G,70.0,160,Tennessee,1970-08-16,,,,,,,,
hedgpch01w,Christy,,Hedgpeth,Christy Hedgpeth,,G,69.0,143,Stanford,1972-02-17,,,,,,,,
hemmera01w,Rachel,,Hemmer,Rachel Hemmer,,F-C,75.0,0,Stanford,1973-04-02,,,,,,,,
hendene01w,Nekeshia,,Henderson,Nekeshia Henderson,,G,68.0,144,Texas,1973-02-28,,,,,,,,
hendetr01w,Tracy,,Henderson,Tracy Henderson,,C,75.0,200,Georgia,1974-12-31,,,Patrick Henry,Minneapolis,MN,USA,,
henniso01w,Sonja,,Henning,Sonja Henning,,G,67.0,143,Stanford,1969-10-04,,,,,,,,
henryan01w,Aneika,,Henry,Aneika Henry,,F,75.0,205,Florida,1986-02-13,,JAM,,,,,,
herriam01w,Amy,,Herrig,Amy Herrig,,C,76.0,189,Iowa,1977-06-06,,,Dubuque,Dubuque,IA,USA,,
hibbeka01w,Katrina,,Hibbert,Katrina Hibbert,,G-F,70.0,140,Louisiana State,1977-09-29,,,,,,,,
hicksje01w,Jessie,,Hicks,Jessie Hicks,,F-C,76.0,188,Maryland,1971-12-02,,,,,,,,
hightal01w,Allison,Kina,Hightower,Allison Hightower,,G,70.0,139,Louisiana State,1988-04-06,Dallas,USA,Juan Seguin,Arlington,TX,USA,,
hillec01w,E.C.,,Hill,E.C. Hill,,G,67.0,173,Northern Illinois,1971-04-06,,,,,,,,
hillmli99w,Linda,,Hill-MacDonald,Linda Hill-MacDonald,,,0.0,0,,0000-00-00,,,,,,,,
hillmna01w,Na'Sheema,,Hillmon,Na'Sheema Hillmon,,,0.0,0,Vanderbilt,0000-00-00,,,Trinity,Cleveland,OH,USA,,
hledeko01w,Korie,,Hlede,Korie Hlede,,G,69.0,150,Duquesne,1975-03-29,,,,,,,,
hodgeda01w,Dale,,Hodges,Dale Hodges,,G-F,73.0,170,St. Joseph's,1968-01-21,Philadelphia,USA,Central,Trenton,NJ,USA,,
hodgedo01w,Doneeka,,Lewis (nee Hodges),Doneeka Lewis,,G,69.0,160,Louisiana State,1982-07-19,,,,,,,,
hodgero01w,Roneeka,,Hodges,Roneeka Hodges,,G,71.0,165,Florida State,1982-07-19,,,,,,,,
hodgesa01w,Sandra,,Hodge,Sandra Hodge,Sweetness,F-G,69.0,0,New Orleans,1962-07-31,Clinton,USA,,,,,,
hoffmeb01w,Ebony,,Hoffman,Ebony Hoffman,,F,74.0,215,USC,1982-08-27,,,Narbonne,Harbor City,CA,USA,,
holdeta99w,Tammy,,Holder,Tammy Holder,,,0.0,0,,0000-00-00,,,,,,,,
holdsch01w,Chamique,Shaunta,Holdsclaw,Chamique Holdsclaw,,F,74.0,172,Tennessee,1977-08-09,Astoria,USA,Christ the King,Middle Village,NY,USA,,
hollake01w,Kedra,,Holland-Corn,Kedra Holland-Corn,,G,68.0,129,Georgia,1974-11-05,,,,,,,,
holliqu01w,Quanitra,,Hollingsworth,Quanitra Hollingsworth,,C,77.0,201,Virginia Commonwealth,1988-11-15,Portsmouth,USA,Great Bridge,Chesapeake,VA,USA,,
holmejo01w,Joy,,Holmes-Harris,Joy Holmes-Harris,,F,70.0,150,Purdue,1969-03-31,,,,,,,,
holmese01w,Sequoia,,Holmes,Sequoia Holmes,,G-F,73.0,155,UNLV,1986-06-13,,,,,,,,
holtam01w,Amber,,Holt,Amber Holt,,F,72.0,168,Middle Tennessee State,1985-06-07,,,,,,,,
hopeky01w,Kymberly,N.,Hope,Kym Hope,"Kym,Hollywood",C,74.0,165,Miami (FL),1977-11-23,Hollywood,USA,McArthur,Miami,FL,USA,,
hopsosu01w,Susie,,Hopson-Shelton,Susie Hopson-Shelton,,F-C,74.0,175,Mars Hill,1974-06-21,,,,,,,,
hornbal01w,Alexis,,Hornbuckle,Alexis Hornbuckle,,G,71.0,155,Tennessee,1985-10-16,,,South Charleston,South Charleston,WV,USA,,
houstch01w,Charde,,Houston,Charde Houston,,F,72.0,189,Connecticut,1986-04-10,,,,,,,,
houtsas01w,Ashley,,Houts,Ashley Houts,,G,66.0,140,Georgia,1987-12-31,Trenton,USA,Dade County,Trenton,GA,USA,,
howarje01w,Jennifer,,Howard,Jennifer Howard,,G,66.0,130,North Carolina State,1975-01-21,,,Fred T. Foard,Vale,NC,USA,,
howarme01w,Melody,,Howard,Melody Howard,,G,69.0,145,SW Missouri State,1972-04-02,,,,,,,,
hudsopa01w,Pam,,Hudson,Pam Hudson,,F,71.0,139,Northwestern State,1968-09-19,,,,,,,,
hugheda99w,Dan,,Hughes,Dan Hughes,,,0.0,0,,0000-00-00,,,,,,,,
hullaja99w,Jacquie,,Hullah,Jacquie Hullah,,,0.0,0,,0000-00-00,,,,,,,,
humphta01w,Tasha,,Humphrey,Tasha Humphrey,,C,75.0,190,Georgia,1985-12-29,Gainesville,USA,Gainesville,Gainesville,GA,USA,,
ibekwif01w,Ify,,Ibekwe,Ify Ibekwe,,F,74.0,0,Arizona,1989-10-05,Carson,USA,,,,,,
irvinsa01w,Sandora,,Irvin,Sandora Irvin,,F,75.0,185,Texas Christian,1982-02-23,,,,,,,,
ivanyda01w,Dalma,,Ivanyi,Dalma Ivanyi,,G,70.0,135,Florida International,1976-03-18,,,,,,,,
iveyni01w,Niele,,Ivey,Niele Ivey,,G,67.0,149,Notre Dame,1977-09-24,,,,,,,,
jacksan01w,Angela,,Jackson,Angela Jackson,,C,76.0,205,Texas,1976-03-30,,,,,,,,
jacksde01w,Deanna,,Jackson,Deanna Jackson,,F,74.0,155,Alabama-Birmingham,1979-12-15,,,,,,,,
jacksgw01w,Gwen,,Jackson,Gwen Jackson,,F,75.0,182,Tennessee,1980-10-23,,,Eufaula,Eufaula,AL,USA,,
jacksla01w,Lauren,Elizabeth,Jackson,Lauren Jackson,,F-C,77.0,187,,1981-05-11,Albury,AUS,,,,,,
jacksta01w,Tammy,Eloise,Jackson,Tammy Jackson,,F-C,75.0,179,Florida,1962-12-03,Gainesville,USA,,,,,,
jacksta02w,Tamicha,,Jackson,Tamicha Jackson,,G,66.0,118,Louisiana Tech,1978-04-22,,,,,,,,
jacksti01w,Tia,,Jackson,Tia Jackson,,F,71.0,148,Iowa,1972-04-21,,,,,,,,
jacksti02w,Tiffany,,Jackson,Tiffany Jackson,,F,75.0,185,Texas,1985-04-26,,,Duncanville,Duncanville,TX,USA,,
jacobam01w,Amber,,Jacobs,Amber Jacobs,,G,68.0,152,Boston College,1982-06-29,,,,,,,,
jacobje01w,Jennifer,,Jacoby,Jennifer Jacoby,,G,68.0,130,Purdue,1973-02-20,Rossville,USA,Rossville,Rossville,IN,USA,,
jamesta01w,Tamara,,James,Tamara James,,F,69.0,158,Miami (FL),1984-06-13,,,,,,,,
januabr01w,Briann,,January,Briann January,,G,68.0,144,Arizona State,1987-01-11,,,,,,,,
jekaban01w,Anete,,Jekabsone-Zogota,Anete Jekabsone-Zogota,,G,69.0,180,,1983-08-12,Saldus,URS,,,,,,
jenkica99w,Carolyn,,Jenkins,Carolyn Jenkins,,,0.0,0,,0000-00-00,,,,,,,,
joensca01w,Cathy,,Joens,Cathy Joens,,G-F,71.0,165,George Washington,1981-02-12,,,,,,,,
johnsad01w,Adrienne,,Johnson,Adrienne Johnson,,G,70.0,154,Ohio State,1974-02-05,,,,,,,,
johnsch01w,Chandra,,Johnson,Chandra Johnson,,C,75.0,185,Wisconsin-Green Bay,1981-03-19,,,,,,,,
johnsda01w,Dana,,Johnson,Dana Johnson,,C,74.0,197,Tennessee,1973-02-19,,,,,,,,
johnsgl01w,Glory,,Johnson,Glory Johnson,,F,75.0,170,Tennessee,1990-07-27,,,Webb School of Knoxville,Knoxville,TN,USA,,
johnsja01w,Jaclyn,,Johnson,Jaclyn Johnson,,F,72.0,201,Kansas,1979-03-16,,,,,,,,
johnsla01w,LaTonya,,Johnson,LaTonya Johnson,,F,73.0,150,Memphis,1975-08-17,,,,,,,,
johnsle01w,Leslie,,Johnson,Leslie Johnson,,F,74.0,220,Western Kentucky,1975-01-12,,,Northrop,Fort Wayne,IN,USA,,
johnsni01w,Niesa,,Johnson,Niesa Johnson,,G,69.0,146,Alabama,1973-02-07,,,,,,,,
johnspo01w,Pollyanna,,Johns Kimbrough,Pollyanna Johns Kimbrough,,C,75.0,165,Michigan,1975-11-06,,,,,,,,
johnssh01w,Shannon,Regina,Johnson,Shannon Johnson,Pee-Wee,G,67.0,152,South Carolina,1974-08-18,Hartsville,USA,Hartsville,Hartsville,SC,USA,,
johnssh02w,Shenise,,Johnson,Shenise Johnson,,G,71.0,0,Miami,1990-12-08,,,Rush-Henrietta,Henrietta,NY,USA,,
johnste01w,Temeka,,Johnson,Temeka Johnson,,G,63.0,132,Louisiana State,1982-09-06,,,,,,,,
johnsti01w,Tiffani,,Johnson,Tiffani Johnson,,C,76.0,240,Tennessee,1975-12-27,,,,,,,,
johnsvi01w,Vickie,,Johnson,Vickie Johnson,,G-F,69.0,150,Louisiana Tech,1972-04-15,Coushatta,USA,,,,,,
jollyke01w,Kellie,,Jolly Harper,Kellie Jolly Harper,,G,69.0,148,Tennessee,1977-05-03,,,,,,,,
jonesas01w,Asjha,Takera,Jones,Asjha Jones,,F,74.0,196,Connecticut,1980-08-01,Piscataway,USA,Piscataway,Piscataway,NJ,USA,,
jonesch01w,Chandi,,Jones,Chandi Jones,,G-F,69.0,150,Houston,1982-03-25,,,Bay City,Bay City,TX,USA,,
jonesja01w,Jameka,,Jones,Jameka Jones,,G,69.0,158,UNC Charlotte,1978-09-13,,,,,,,,
joneskc01w,K.C.,,Jones,K.C. Jones,,,0.0,0,,0000-00-00,,,,,,,,
jonesla01w,Larecha,,Jones,Larecha Jones,,G,73.0,180,Ohio State,1977-07-24,,,,,,,,
jonesma01w,Marion,Lois,Jones,Marion Jones,,G,70.0,150,North Carolina,1975-10-12,Los Angeles,USA,Rio Mesa (fr-so); Thousand Oaks (jr-sr),Oxnard/Thousand Oaks,CA,USA,,
jonesme01w,Merlakia,,Jones,Merlakia Jones,,G,69.0,147,Florida,1973-07-21,,,,,,,,
jordapa01w,Pauline,,Jordan,Pauline Jordan,,C,75.0,205,UNLV,1968-04-27,,,,,,,,
joyneja01w,Jacki,,Joyner-Kersee,Jacki Joyner-Kersee,,F,70.0,154,UCLA,1962-03-03,,,,,,,,
kaplaan01w,Anita,,Kaplan,Anita Kaplan,,C,77.0,180,Stanford,1973-04-22,,,,,,,,
kausaan01w,Aneta,,Kausaite,Aneta Kausaite,,F,72.0,155,Emporia State,1970-11-30,,,,,,,,
kellycr01w,Crystal,,Kelly,Crystal Kelly,,F,74.0,190,Western Kentucky,1986-09-15,,,Sacred Heart Academy,Louisville,KY,USA,,
kenlaje99w,Jessie,,Kenlaw,Jessie Kenlaw,,,0.0,0,,0000-00-00,,,,,,,,
keyst99wc,Steven,,Key,Steven Key,,,0.0,0,,0000-00-00,,,,,,,,
kingbsu01w,Susan,,King Borchardt,Susan King Borchardt,,G,67.0,135,Stanford,1981-07-27,,,Academy of Holy Angels,Richfield,MN,USA,,
kingija01w,Jae,,Kingi-Cross,Jae Kingi-Cross,,G,68.0,150,,1976-01-20,,,,,,,,
kizerly01w,Lynetta,,Kizer,Lynetta Kizer,,F-C,76.0,215,Maryland,1990-04-04,,,Potomac Senior,Woodbridge,VA,USA,,
klimezu01w,Zuzana,,Klimesova,Zuzi Klimesova,Zuzi,F,74.0,181,Vanderbilt,1979-01-21,Prague,TCH,,,,,,
kloppga99wc,Gary,,Kloppenburg,Gary Kloppenburg,,,0.0,0,,0000-00-00,,,,,,,,
kobryew01w,Ewelina,,Kobryn,Ewelina Kobryn,,F-C,75.0,210,,1982-05-07,Tarnobrzeg,POL,,,,,,
koehnla01w,Laurie,,Koehn,Laurie Koehn,,G,68.0,145,Kansas State,1982-05-13,,,,,,,,
korstil01w,Ilona,Kalyuvna,Korstine,Ilona Korstine,,G,70.0,160,,1980-05-30,St. Petersburg,URS,,,,,,
kossgr01w,Greta,,Koss,Greta Koss,,F,73.0,145,Montana,1974-06-12,,,,,,,,
kostaan01w,Anastasia,,Kostaki,Anastasia Kostaki,,G,67.0,137,,1978-03-26,Athens,GRE,,,,,,
kostita01w,Tanja,,Kostic,Tanja Kostic,,F,73.0,163,Oregon State,1972-11-10,,,,,,,,
kraayca01w,Cathrine,,Kraayeveld,Cathrine Kraayeveld,,F,76.0,180,Oregon,1981-09-30,,,,,,,,
kubikni01w,Nicole,,Kubik,Nicole Kubik,,G,69.0,145,Nebraska,1978-03-01,,,,,,,,
kukloan01w,Andrea,,Kuklova,Andrea Kuklova,,G,72.0,150,,1971-07-16,,,,,,,,
laceyal01w,Alison,Mavis,Lacey,Alison Lacey,,G,72.0,159,Iowa State,1987-12-26,Canberra,AUS,,,,,,
laceytr99w,Trudi,,Lacey,Trudi Lacey,,,0.0,0,,0000-00-00,,,,,,,,
lacyje01w,Jennifer,,Lacy,Jennifer Lacy,,F,75.0,175,Pepperdine,1983-03-21,,,,,,,,
lacyna01w,Natasha,,Lacy,Natasha Lacy,,G,70.0,165,UTEP (sr),1985-07-08,El Paso,USA,Montwood,El Paso,TX,USA,,
lacyve01w,Venus,Milette,Lacy,Venus Lacy,,C,76.0,234,Louisiana Tech,1967-02-09,Ruston,USA,,,,,,
laimbbi01w,Bill,,Laimbeer,Bill Laimbeer,,,0.0,0,,0000-00-00,,,,,,,,
lambesh01w,Sheila,Monique,Lambert,Sheila Lambert,,G,67.0,125,Baylor,1980-07-21,Seattle,USA,Chief Sealth,Seattle,WA,USA,,
lambmo01w,Monica,,Lamb,Monica Lamb,,C,77.0,206,USC,1964-10-11,,,,,,,,
langeme01w,MerleLynn,Sabine,Lange-Harris,MerleLynn Lange-Harris,,F-C,78.0,205,UNLV,1969-04-28,Toronto,CAN,,,,,,
langhcr01w,Crystal,,Langhorne,Crystal Langhorne,,F-C,74.0,184,Maryland,1986-10-27,,,Willingboro,Willingboro,NJ,USA,,
langja01w,Jamillah,,Lang,Jamillah Lang,,F,72.0,185,Colorado,1972-06-23,,,,,,,,
larakr01w,Krystyna,,Lara (nee Szymanska),Krystyna Lara,,G,68.0,130,,1969-09-30,Nidzica,POL,,,,,,
larkier01w,Erlana,,Larkins,Erlana Larkins,,F,73.0,210,North Carolina,1986-04-02,,,The Benjamin School,North Palm Beach,FL,USA,,
lassiam01w,Amanda,,Lassiter,Amanda Lassiter,,F,73.0,160,Missouri,1979-06-09,,,,,,,,
lattaiv01w,Ivory,,Latta,Ivory Latta,,G,66.0,143,North Carolina,1984-09-24,,,York,McConnells,SC,USA,,
lavenja01w,Jantel,,Lavender,Jantel Lavender,,C,76.0,185,Ohio State,1988-11-12,Cleveland,USA,Central Catholic,Cleveland,OH,USA,,
lawsoed01w,Edwige,,Lawson-Wade,Edwige Lawson-Wade,,G,66.0,130,,1979-05-14,Rennes,FRA,,,,,,
lawsoka01w,Kara,Maria,Lawson,Kara Lawson,,G,69.0,165,Tennessee,1981-02-14,Alexandria,USA,West Springfield,Springfield,VA,USA,,
laydefr99w,Frank,,Layden,Frank Layden,,,0.0,0,,0000-00-00,,,,,,,,
lazicka01w,Katarina,,Lazic,Katarina Lazic,,F-C,70.0,147,,1980-05-25,,,,,,,,
lehnish01w,Shalee,,Lehning,Shalee Lehning,,G,69.0,147,Kansas State,1986-10-27,,,,,,,,
lennobe01w,Betty,,Lennox,Betty Lennox,,G,68.0,143,Louisiana Tech,1976-12-04,,,,,,,,
leslili01w,Lisa,Deshawn,Leslie,Lisa Leslie,,C,77.0,170,USC,1972-07-07,Gardena,USA,,,,,,
leuchye01w,Yelena,Stepanovna,Leuchanka,Yelena Leuchanka,,C,77.0,195,West Virginia,1983-04-30,Gomel,URS,,,,,,
levanni01w,Nicole,,Levandusky,Nicole Levandusky,,G,68.0,163,Xavier,1979-05-17,,,,,,,,
levesni01w,Nicole,,Levesque,Nicole Levesque,,G,63.0,115,Wake Forest,1972-04-11,,,,,,,,
lewisji99w,Jim,,Lewis,Jim Lewis,,,0.0,0,,0000-00-00,,,,,,,,
lewista01w,Takeisha,,Lewis,Takeisha Lewis,,F-C,74.0,212,Louisiana Tech,1979-07-10,,,Pineview,Lisbon,LA,USA,,
lewisty01w,Tynesha,,Lewis,Tynesha Lewis,,G,70.0,152,North Carolina State,1979-05-08,,,,,,,,
liebena01w,Nancy,Lizabeth,Lieberman-Cline,Nancy Lieberman-Cline,"Flame,Lady Magic",G,70.0,150,Old Dominion,1958-07-01,Brooklyn,USA,Far Rockaway,Far Rockaway,NY,USA,,
lilleta01w,Taylor,Paige,Lilley,Taylor Lilley,,G,66.0,130,Oregon,1988-02-29,Van Nuys,USA,Hart,Newhall,CA,USA,,
listr01w,Tracy,,Lis,Tracy Lis,,G-F,70.0,0,Providence,0000-00-00,,,,,,,,
littlca01w,Camille,,Little,Camille Little,,F,74.0,180,North Carolina,1985-01-18,,,Carver,Winston-Salem,NC,USA,,
lloydan01w,Andrea,Lane,Lloyd Curry,Andrea Lloyd Curry,,F,74.0,175,Texas,1965-02-09,Moscow,USA,,,,,,
lobore01w,Rebecca,Rose,Lobo,Rebecca Lobo,,F,76.0,190,Connecticut,1973-10-06,Hartford,USA,,,,,,
lovelst01w,Stacey,,Lovelace,Stacey Lovelace,,F,76.0,170,Purdue,1974-12-05,,,,,,,,
lowreja99w,Jan,,Lowrey,Jan Lowrey,,,0.0,0,,0000-00-00,,,,,,,,
luckepa01w,Pat,,Luckey,Pat Luckey,,F,73.0,165,Houston,1975-05-14,,,San Marcos,San Marcos,TX,USA,,
luzhe01w,Helen,Cristina Santos,Luz,Helen Luz,,G,68.0,144,,1972-11-23,Aracatuba,BRA,,,,,,
lyttlsa01w,Sancho,,Lyttle,Sancho Lyttle,,F,76.0,175,Houston,1983-09-20,,,,,,,,
mabikmw01w,Mwadi,Marie,Mabika,Mwadi Mabika,,G-F,71.0,165,,1976-07-27,Kinshasa,ZAI,,,,,,
macchla01w,Laura,,Macchi,Laura Macchi,,F,73.0,169,,1979-05-24,,,,,,,,
machacl01w,Clarisse,,Machanguana,Clarisse Machanguana,,C-F,77.0,180,Old Dominion,1976-10-04,,,,,,,,
maherto99w,Tom,,Maher,Tom Maher,,,0.0,0,,0000-00-00,,,,,,,,
mahonme01w,Megan,Marie,Mahoney,Megan Mahoney,,F,72.0,160,Kansas State,1983-02-13,,,Sturgis Brown,Sturgis,SD,USA,,
mahonsh01w,Shea,,Mahoney,Shea Mahoney,,F,76.0,178,Western Kentucky,1977-07-03,,,,,,,,
mahorri01w,Rick,,Mahorn,Rick Mahorn,,,0.0,0,,0000-00-00,,,,,,,,
maigaha01w,Hamchetou,,Maiga-Ba,Hamchetou Maiga-Ba,,G-F,73.0,160,Old Dominion,1978-04-25,Bamako,MLI,,,,,,
malcona01w,Nadine,,Malcolm,Nadine Malcolm,,F,73.0,170,Providence,1975-11-27,,,,,,,,
malloam01w,Amy,,Mallon,Amy Mallon,,G,64.0,148,St. Joseph's,1970-04-21,,,,,,,,
malloso01w,Sonja,,Mallory,Sonja Mallory,,C,77.0,210,Georgia Tech,1981-09-02,,,,,,,,
maltsev01w,Evanthia,,Maltsi,Evanthia Maltsi,,G,71.0,165,,1978-12-20,Goumenissa,GRE,,,,,,
mannish01w,Sharon,,Manning,Sharon Manning,,F-C,75.0,186,North Carolina State,1969-03-20,,,,,,,,
mannkr01w,Kristen,,Mann,Kristen Mann,,F,73.0,185,UC Santa Barbara,1983-08-10,,,,,,,,
mapprh01w,Rhonda,,Mapp,Rhonda Mapp,,C,74.0,190,North Carolina State,1969-10-13,,,,,,,,
marcimi01w,Michelle,,Marciniak,Michelle Marciniak,,G,70.0,154,Tennessee,1973-10-29,,,,,,,,
margiga01w,Gabriela,,Marginean,Gabriela Marginean,,F,73.0,164,Drexel,1987-02-12,Cluj-Napoca,ROM,,,,,,
martima01w,Maylana,,Martin,Maylana Martin,,F,76.0,172,UCLA,1978-04-17,,,,,,,,
martinu01w,Nuria,,Martinez Prat,Nuria Martinez,,G,69.0,167,,1984-02-29,"Mataro,Barcelona",ESP,,,,,,
mascira01w,Raffaella,,Masciadri,Raffaella Masciadri,,F,72.0,169,,1980-09-30,,,,,,,,
maslemi01w,Missy,,Masley,Missy Masley,,F,74.0,170,Penn State,1974-10-10,,,,,,,,
matteca01w,Caity,,Matter,Caity Matter,,G,69.0,167,Ohio State,1982-08-22,,,,,,,,
matteka01w,Katie,,Feenstra Mattera,Katie Feenstra Mattera,,C,80.0,240,Liberty,1982-11-17,,,,,,,,
maxwean01w,Anita,,Maxwell,Anita Maxwell,,F,71.0,186,New Mexico State,1974-04-07,,,,,,,,
maxwemo01w,Monica,,Maxwell,Monica Maxwell,,F,69.0,162,Louisiana Tech,1976-12-21,,,,,,,,
maytuet01w,Etta,V.,Maytubby,Etta Maytubby,,F,72.0,0,Oklahoma,1973-04-28,,,,,,,,
mazzake01w,Kelly,,Mazzante,Kelly Mazzante,,G,72.0,155,Penn State,1982-02-02,,,,,,,,
mccaibr01w,Brandi,,McCain,Brandi McCain,,G,63.0,135,Florida,1979-09-21,,,Silsbee,Silsbee,TX,USA,,
mccaiti01w,Tiffany,,McCain,Tiffany McCain,,G-F,70.0,167,Kentucky,1976-10-06,,,,,,,,
mccanra01w,Rashanda,Chanee',McCants,Rashanda McCants,,F,73.0,161,North Carolina,1986-11-17,,,Asheville,Asheville,NC,USA,,
mccarja01w,Janel,,McCarville,Janel McCarville,,C,74.0,205,Minnesota,1982-11-03,,,,,,,,
mccarjo01w,Joanne,,McCarthy,Joanne McCarthy,,G,67.0,130,Illinois-Chicago,1974-10-26,Chicago,USA,,,,,,
mccarst01w,Stephanie,,McCarty,Stephanie McCarty,,G-F,69.0,155,Purdue,1977-06-20,,,,,,,,
mcclaka01w,Katrina,Felicia,McClain,Katrina McClain,,F-C,74.0,180,Georgia,1965-09-19,Washington,USA,,,,,,
mcconsu01w,Suzanne,Theresa,McConnell Serio,Suzie McConnell Serio,Suzie,G,65.0,125,Penn State,1966-07-29,Pittsburgh,USA,,,,,,
mccouan01w,Angel,Lajuane,McCoughtry,Angel McCoughtry,,F,73.0,160,Louisville,1986-09-10,Baltimore,USA,,,,,,
mccrada01w,Danielle,,McCray,Danielle McCray,,G-F,71.0,170,Kansas,1987-10-08,Boynton Beach,USA,Olathe East,Olathe,KS,USA,,
mccrani01w,Nikki,K.,McCray,Nikki McCray,,G,71.0,158,Tennessee,1971-12-11,Collierville,USA,,,,,,
mccrini01w,Nicky,,McCrimmon,Nicky McCrimmon,,G,68.0,125,USC,1972-03-22,,,,,,,,
mcculda01w,Danielle,,McCulley,Danielle McCulley,,F-C,75.0,180,Western Kentucky,1975-01-18,,,,,,,,
mcgeepa01w,Pamela,Denise,McGee,Pamela McGee,,C-F,75.0,200,USC,1962-12-01,Flint,USA,,,,,,
mcgheca01w,Carla,Renee,McGhee,Carla McGhee,,F-C,73.0,179,Tennessee,1968-03-06,Peoria,USA,,,,,,
mchugma99w,Maura,,McHugh,Maura McHugh,,,0.0,0,,0000-00-00,,,,,,,,
mckivte01w,Teana,,Miller,Teana Miller,,C-F,75.0,220,Tulane,1980-10-05,,,,,,,,
mcwilta01w,Taj,,McWilliams-Franklin,Taj McWilliams-Franklin,,F-C,74.0,188,St. Edwards,1970-10-20,,,,,,,,
meadoma99w,Marynell,,Meadors,Marynell Meadors,,,0.0,0,,0000-00-00,,,,,,,,
melvich01w,Chasity,,Melvin,Chasity Melvin,,C-F,75.0,185,North Carolina State,1976-05-03,,,,,,,,
mendigi01w,Giuliana,,Mendiola,Giuliana Mendiola,,G,71.0,174,Washington,1982-01-09,,,,,,,,
miaomi01w,Lijie,,Miao,Miao Miao,Miao Miao,G,71.0,153,,1981-06-03,Harbin,CHN,,,,,,
millebr01w,Britany,,Miller,Britany Miller,,C,76.0,0,Florida State,1987-08-10,,,,,,,,
millech99w,Cheryl,,Miller,Cheryl Miller,,,0.0,0,,0000-00-00,,,,,,,,
milleco01w,Coco,,Miller,Coco Miller,,G,69.0,140,Georgia,1978-09-06,,,Rochester Mayo,Rochester,MN,USA,,
milleke01w,Kelly,,Miller,Kelly Miller,,G,70.0,140,Georgia,1978-09-06,,,Rochester Mayo,Rochester,MN,USA,,
millsta01w,Tausha,,Mills,Tausha Mills,,C,75.0,232,Alabama,1976-02-29,,,,,,,,
miltode01w,DeLisha,Lachell,Milton-Jones,DeLisha Milton-Jones,,F,73.0,185,Florida,1974-09-11,Jessup,USA,Bradswell Institute,Hinesville,GA,USA,,
mitchle01w,Leilani,,Mitchell,Leilani Mitchell,,G,65.0,130,Utah,1985-06-15,,,,,,,,
mizrali01w,Limor,,Mizrachi,Limor Mizrachi,,G,67.0,130,Maryland,1970-06-24,,,,,,,,
moeggli01w,Liz,,Moeggenberg,Liz Moeggenberg,,F,73.0,195,Michigan State,1984-05-25,,,,,,,,
moisead01w,Adriana,,Moises Pinto,Adriana Moises,Adrianinha,G,66.0,140,,1978-12-06,Franca,BRA,,,,,,
mokanch01w,Chanel,Modiri,Mokango,Chanel Mokango,,F,77.0,0,Mississippi State (jr-sr),1988-10-13,Kinshasa,COD,,Kinshasa,,COD,,
monroja01w,Jacinta,,Monroe,Jacinta Monroe,,C,77.0,162,Florida State,1988-09-04,,,Stranahan,Fort Lauderdale,FL,USA,,
montaan01w,Anna,,Montanana Gimeno,Anna Montanana,,F,73.0,190,George Washington,1980-10-24,Valencia,ESP,,,,,,
montgal01w,Alexandria,Rochell,Montgomery,Alex Montgomery,Alex,G-F,73.0,185,Georgia Tech,1988-11-12,Tacoma,USA,Lincoln,Tacoma,WA,USA,,
montgre01w,Renee,,Montgomery,Renee Montgomery,,G,67.0,139,Connecticut,1986-12-02,,,,,,,,
mooreja01w,Jackie,,Moore,Jackie Moore,,C,73.0,207,Long Beach State,1979-11-06,,,,,,,,
mooreje01w,Jessica,,Moore,Jessica Moore,,F-C,75.0,175,Connecticut,1982-07-09,,,,,,,,
moorelo01w,Loree,,Moore,Loree Moore,,G,69.0,165,Tennessee,1983-03-21,,,Narbonne,,CA,USA,,
moorema01w,Maya,April,Moore,Maya Moore,,F,72.0,175,Connecticut,1989-06-11,Jefferson City,USA,Collins Hill,Suwanee,GA,USA,,
moorena01w,Navonda,,Moore,Navonda Moore,,G,70.0,145,Alabama,1984-11-04,,,,,,,,
moorepe01w,Penny,,Moore,Penny Moore,,F,72.0,135,Long Beach State,1969-01-25,,,,,,,,
mooreta01w,Tamara,,Moore,Tamara Moore,,G-F,71.0,167,Wisconsin,1980-04-11,,,Minneapolis North,Minneapolis,MN,USA,,
mooreyo01w,Yolanda,,Moore,Yolanda Moore,,F,72.0,174,Mississippi,1974-07-01,Port Gibson,USA,Port Gibson,Port Gibson,MS,USA,,
moosca01w,Carolyn,,Moos,Carolyn Moos,,F-C,78.0,182,Stanford,1978-05-23,,,The Blake School,Wayzata,MN,USA,,
morehmo01w,Monique,,Morehouse,Monique Morehouse,,F-C,75.0,175,Auburn,1974-01-18,,,,,,,,
morgale01w,Leslie,,Morgan,Leslie Morgan,,F,73.0,0,Francis Marion,1969-11-01,,,,,,,,
morrich01w,Cherilyn,,Morris,Cherilyn Morris,,F,0.0,0,Southern Nazarene,0000-00-00,,,,,,,,
morrije01w,Jene,Nicole,Morris,Jene Morris,,G,69.0,146,San Diego State,1987-07-21,San Francisco,USA,Urban,San Francisco,CA,USA,,
morrila01w,Laticia,,Morris,Laticia Morris,,F,73.0,160,Auburn,1974-05-26,,,,,,,,
morrizi01w,Ziomara,Esket,Morrison Jana,Ziomara Morrison,,C,76.0,0,none,1989-02-15,Santiago,CHI,,,,,,
mosbybe01w,Bernice,,Mosby,Bernice Mosby,,F,73.0,172,Baylor,1984-02-14,,,,,,,,
mosleju01w,Judy,,Mosley-McAfee,Judy Mosley-McAfee,,F,73.0,170,Hawai'i,1968-03-17,,,,,,,,
moweje01w,Jennifer,,Mowe,Jenny Mowe,Jenny,C,77.0,236,Oregon,1978-02-25,,,Powers,Powers,OR,USA,,
mulitna01w,Naomi,,Mulitauaopele,Naomi Mulitauaopele,,C,75.0,207,Stanford,1976-03-06,,,,,,,,
murphma99w,Mary,,Murphy,Mary Murphy,,,0.0,0,,0000-00-00,,,,,,,,
murphsh01w,Eshaya,,Murphy,Shay Murphy,Shay,G,71.0,164,USC,1985-04-15,,,,,,,,
nagyan01w,Andrea,,Nagy,Andrea Nagy,,G,67.0,147,Florida International,1971-11-16,,,,,,,,
nanch01w,Chen,,Nan,Chen Nan,,C,78.0,204,,1983-01-06,Qingdao,CHN,,,,,,
ndiayas01w,Astou,,Ndiaye-Diatta,Astou Ndiaye-Diatta,,F-C,75.0,182,Southern Nazarene,1973-11-05,Kaolack,SEN,,,,,,
ndongem01w,Emmeline,,Ndongue,Emmeline Ndongue,,C,74.0,170,,1983-04-25,Auxerre,FRA,,,,,,
nemcoev01w,Eva,,Nemcova,Eva Nemcova,,F,74.0,178,,1972-12-03,Prague,TCH,,,,,,
neroja01w,Jacque,,Nero,Jacque Nero,,F,71.0,180,Alabama-Birmingham,1968-11-08,,,,,,,,
nevescl01w,Claudia,Maria,das Neves,Claudia Neves,Claudinha,G,68.0,136,,1975-02-17,Guaraja,BRA,,,,,,
newtoch01w,Chelsea,,Newton,Chelsea Newton,,G,71.0,154,Rutgers,1983-02-17,,,Carroll,Monroe,LA,USA,,
ngarsch01w,Christelle,,N'Garsanet,Christelle N'Garsanet,,C,75.0,168,Missouri,1983-06-23,,,,,,,,
ngoyibe01w,Bernadette,,Ngoyisa,Bernadette Ngoyisa,,C,76.0,195,,1982-08-26,,ZAI,,,,,,
nichoti01w,Tina,,Nicholson,Tina Nicholson,,G,63.0,146,Penn State,1973-09-27,,,Downingtown,Downingtown,PA,USA,,
nieuwma01w,Marlous,,Nieuwveen,Marlous Nieuwveen,,C,77.0,180,Valparaiso,1980-04-12,,,,,,,,
nikolmi01w,Mila,,Nikolich,Mila Nikolich,,F,75.0,185,,1971-07-04,,,,,,,,
nnamach01w,Chioma,,Nnamaka,Chioma Nnamaka,,G,72.0,156,Georgia Tech,1985-06-15,,,,,,,,
nolande01w,Deanna,,Nolan,Deanna Nolan,,G-F,69.0,147,Georgia,1979-08-25,,,,,,,,
novosna01w,Natalie,,Novosel,Natalie Novosel,,G,71.0,165,Notre Dame,0000-00-00,,,,,,,,
nygaava01w,Vanessa,,Nygaard,Vanessa Nygaard,,F,73.0,166,Stanford,1975-03-13,Scottsdale,USA,Carlsbad,Carlsbad,CA,USA,,
ogayu01w,Yuko,,Oga,Yuko Oga,,G,66.0,140,,1982-10-17,Yamagata City,JPN,Nagoya College,Nagoya,,JPN,,
ogwumnn01w,Nneka,,Ogwumike,Nneka Ogwumike,,F,74.0,0,Stanford,1990-07-02,,,Cy-Fair,Cypress,TX,USA,,
oheaje01w,Jenna,,O'Hea,Jenna O'Hea,,G-F,73.0,174,Australian Institute of Sport,1987-06-06,Traralgon,AUS,Caulfield Grammar,Melbourne,VIC,AUS,,
ohldeni01w,Nicole,,Ohlde,Nicole Ohlde,,F-C,77.0,190,Kansas State,1982-03-13,,,,,,,,
olajuab01w,Alon,Abisola Ariscate Ajo,Olajuwon,Abi Olajuwon,Abi,C,76.0,236,Oklahoma,1988-07-06,Houston,USA,Marlborough School,Los Angeles,CA,USA,,
oneilkr01w,Kristen,,O'Neill,Kristen O'Neill,,G-F,73.0,158,Washington,1983-04-12,,,,,,,,
orrki01w,Kira,,Orr,Kira Orr,,G,66.0,141,Duke,1975-09-16,,,,,,,,
osburde01w,Debbie,,Osburn,Debbie Osburn,,C,76.0,0,Oregon,1972-02-11,,,,,,,,
osipoir01w,Irina,Viktorovna,Osipova,Irina Osipova,,C,77.0,190,,1981-06-25,Moscow,URS,,,,,,
overtbo99w,Bo,,Overton,Bo Overton,,,0.0,0,,0000-00-00,,,,,,,,
owenhe01w,Heather,,Owen,Heather Owen,,F,77.0,212,Stanford,1976-05-06,,,Moscow,Moscow,ID,USA,,
owenssh01w,Shantia,,Owens,Shantia Owens,,C,74.0,175,Kentucky,1978-05-16,,,,,,,,
pageda01w,Danielle,,Page,Danielle Page,,F,74.0,179,Nebraska,1986-11-14,,,,,,,,
pagemu01w,Murriel,,Page,Murriel Page,,F,74.0,160,Florida,1975-09-18,,,,,,,,
paigeyo01w,Yolanda,,Paige,Yolanda Paige,,G,66.0,147,West Virginia,1983-09-18,,,,,,,,
paliesa01w,Sabrina,,Palie,Sabrina Palie,,G,67.0,159,,1981-07-23,,,,,,,,
palmewe01w,Wendy,,Palmer,Wendy Palmer,,F,74.0,165,Virginia,1974-08-12,Timberlake,USA,Person Senior,Roxboro,NC,USA,,
parisco01w,Courtney,,Paris,Courtney Paris,,C,76.0,250,Oklahoma,1987-09-21,,,Piedmont,Piedmont,CA,USA,,
parkeca01w,Candace,Nicole,Parker,Candace Parker,,F,76.0,175,Tennessee,1986-04-19,St. Louis,USA,Naperville Central,Naperville,IL,USA,,
parsoca99w,Cathy,,Parson,Cathy Parson,,,0.0,0,,0000-00-00,,,,,,,,
pascafl01w,Florina,,Pascalau,Florina Pascalau,,C,76.0,187,,1982-01-19,,,,,,,,
paschti01w,Tia,,Paschal,Tia Paschal,,F,73.0,165,Florida State,1969-03-22,,,,,,,,
pavlimi01w,Michaela,,Pavlickova,Michaela Pavlickova,,F-C,75.0,175,Denver,1977-11-27,,,,,,,,
payeka01w,Kate,,Paye,Kate Paye,,G,68.0,150,Stanford,1974-03-06,,,,,,,,
peckca99wc,Carolyn,,Peck,Carolyn Peck,,,0.0,0,,0000-00-00,,,,,,,,
pederka01w,Kayla,,Pedersen,Kayla Pedersen,,F,76.0,190,Stanford,1989-04-04,Flint,USA,Red Mountain,Mesa,AZ,USA,,
penicti01w,Ticha,,Penicheiro,Ticha Penicheiro,,G,71.0,145,Old Dominion,1974-09-18,,,,,,,,
pennjo01w,Jocelyn,,Penn,Jocelyn Penn,,F,72.0,160,South Carolina,1979-09-10,,,,,,,,
perazja01w,Jasmina,,Perazic-Gipe,Jasmina Perazic-Gipe,,G-F,72.0,170,Maryland,1960-12-06,Novi Sad,YUG,,,,,,
perkiji01w,Jia,,Perkins,Jia Perkins,,G,68.0,155,Texas Tech,1982-02-23,,,,,,,,
perpeer01w,Erin,,Buescher Perperoglou,Erin Buescher Perperoglou,,F-G,75.0,181,The Master's College,1979-06-05,,,,,,,,
perroki01w,Kim,,Perrot,Kim Perrot,,G,65.0,130,SW Louisiana,1967-01-18,,,,,,,,
peterde01w,Devereaux,,Peters,Devereaux Peters,,F,74.0,170,Notre Dame,1989-10-08,,,,,,,,
petroso01w,Sonja,,Petrovic,Sonja Petrovic,,F,73.0,0,none,1989-02-18,,,,,,,,
pettibr01w,Bridget,,Pettis,Bridget Pettis,,G,69.0,150,Florida,1971-01-01,,,,,,,,
philler01w,Erin,Victoria,Phillips,Erin Phillips,,G,67.0,162,,1985-05-19,Carlton,AUS,,,,,,
phillpo01w,Porsha,Janel,Phillips,Porsha Phillips,,F,74.0,173,Georgia,1988-01-13,Stone Mountain,USA,Redan,Redan,GA,USA,,
phillta01w,Tari,,Phillips,Tari Phillips,,F-C,74.0,200,Central Florida,1969-03-06,,,,,,,,
phillta02w,Ta'shia,,Phillips,Ta'shia Phillips,,C,78.0,198,Xavier,1989-01-24,Indianapolis,USA,Brebeuf Jesuit,Indianapolis,IN,USA,,
pierspl01w,Plenette,,Pierson,Plenette Pierson,,F-C,74.0,181,Texas Tech,1981-08-30,,,,,,,,
plankju99w,Julie,,Plank,Julie Plank,,,0.0,0,,0000-00-00,,,,,,,,
plowdvi01w,Vicki,,Plowden,Vicki Plowden,,F,72.0,0,Miami (FL),1971-07-22,,,,,,,,
pohleje01w,Jeanette,,Pohlen,Jeanette Pohlen,,G,72.0,179,Stanford,1989-05-02,Downey,USA,Brea-Olinda,Brea,CA,USA,,
pollica01w,Catarina,,Pollini,Catarina Pollini,,F,77.0,165,Texas,1966-03-16,Vicenza,ITA,,,,,,
pondeca01w,Cappie,Marie,Pondexter,Cappie Pondexter,,G,69.0,160,Rutgers,1983-01-07,Oceanside,USA,John Marshall Metro,Chicago,IL,USA,,
potthan01w,Angie,,Potthoff,Angie Potthoff,,F,73.0,191,Penn State,1974-06-12,,,,,,,,
powelel01w,Elaine,,Powell,Elaine Powell,,G,68.0,150,Louisiana State,1975-08-09,,,,,,,,
powelni01w,Nicole,,Powell,Nicole Powell,,F,74.0,175,Stanford,1982-06-22,,,Mountain Pointe,Phoenix,AZ,USA,,
prahasa01w,Samantha,,Prahalis,Samantha Prahalis,,G,67.0,129,Ohio State,1990-01-23,,,,,,,,
pricear01w,Armintie,,Price,Armintie Price,,G-F,69.0,133,Mississippi,1985-04-03,,,,,,,,
pricefr01w,Franthea,,Price,Franthea Price,,G,69.0,178,Iowa,1968-04-28,,,,,,,,
priceka01w,Katrina,,Price,Katrina Price,,G,70.0,148,Stephen F. Austin,1975-12-03,,,LaVega,Waco,TX,USA,,
pridely01w,Lynn,,Pride,Lynn Pride,,F-G,74.0,180,Kansas,1978-10-16,,,Sam Houston,Arlington,TX,USA,,
princep01w,Ephiphanny,,Prince,Epiphanny Prince,,G,69.0,167,Rutgers,1988-01-11,New York,USA,Murry Bergtraum,New York,NY,USA,,
pringla01w,LaToya,,Pringle,LaToya Pringle,,F-C,75.0,162,North Carolina,1986-09-11,,,,,,,,
queenbr01w,Brooke,,Queenan,Brooke Queenan,,F,74.0,185,Boston College,1984-04-10,,,,,,,,
quiglal01w,Allie,,Quigley,Allie Quigley,,G,70.0,140,DePaul,1986-06-20,,,Joliet Catholic Academy,Joliet,IL,USA,,
quinnno01w,Noelle,,Quinn,Noelle Quinn,,G,72.0,175,UCLA,1985-01-03,,,Bishop Montgomery,Los Angeles,CA,USA,,
quinnte01w,Texlin,,Quinney,Texlin Quinney,,F,76.0,165,Seton Hall,1974-09-07,,,,,,,,
radunha01w,Hajdana,,Radunovic,Hajdana Radunovic,,C,75.0,187,,1978-01-10,,,,,,,,
raglafe01w,Felicia,,Ragland,Felicia Ragland,,G,67.0,133,Oregon State,1980-02-03,,,,,,,,
randase01w,Semeka,,Randall,Semeka Randall,,G,69.0,164,Tennessee,1979-02-07,,,Trinity,Cleveland,OH,USA,,
rasmukr01w,Kristen,,Rasmussen,Kristen Rasmussen,,F,76.0,174,Michigan State,1978-11-01,,,,,,,,
ravenbr01w,Brittainey,She Von,Raven,Brittainey Raven,,G,72.0,162,Texas,1988-08-01,Albuquerque,USA,North Crowley,Fort Worth,TX,USA,,
raymost01w,Stephanie,,Raymond,Stephanie Raymond,,G,65.0,139,Northern Illinois,1985-01-15,Rockford,USA,Lutheran,Rockford,IL,USA,,
raymota01w,Tamika,,Williams Raymond,Tamika Williams Raymond,,F,74.0,195,Connecticut,1980-04-12,,,Chaminade Julienne,Dayton,OH,USA,,
reddja01w,Jamie,,Redd,Jamie Redd,,F,73.0,164,Washington,1977-11-05,,,International Studies,San Francisco,CA,USA,,
redmoka01w,Katelan,,Redmon,Katelan Redmon,,G-F,73.0,0,Gonzaga,1988-10-11,,,Lewis and Clark,Spokane,WA,USA,,
reedbr01w,Brandy,,Reed,Brandy Reed,,F,73.0,168,Southern Mississippi,1977-02-17,,,,,,,,
reedch01w,Chastity,,Reed,Chastity Reed,,F,73.0,165,Arkansas-Little Rock,1989-03-28,New Orleans,USA,,,,,,
reedmi01w,Michelle,,Reed,Michelle Reed,,G,71.0,165,Western Kentucky,1973-05-24,,,,,,,,
reevech99wc,Cheryl,,Reeve,Cheryl Reeve,,,0.0,0,,0000-00-00,,,,,,,,
reidtr01w,Tracy,,Reid,Tracy Reid,,F,71.0,150,North Carolina,1976-11-01,,,,,,,,
reissta01w,Tammi,,Reiss,Tammi Reiss,,G,66.0,129,Virginia,1970-04-02,,,,,,,,
resska01w,Kathrin,,Ress,Kathrin Ress,,F,76.0,194,Boston College,1985-06-26,Salorno,ITA,Mount de Chantal Visitation Academy,Wheeling,WV,USA,,
reynoch01w,Chontel,,Reynolds,Chontel Reynolds,,F,74.0,180,Houston,1972-02-08,,,,,,,,
richano99wc,Nolan,,Richardson,Nolan Richardson,,,0.0,0,,0000-00-00,,,,,,,,
rileyan01w,Andrea,,Riley,Andrea Riley,,G,65.0,136,Oklahoma State,1988-07-22,Dallas,USA,Lincoln,Dallas,TX,USA,,
rileyru01w,Ruth,Ellen,Riley,Ruth Riley,,C,77.0,198,Notre Dame,1979-08-28,Ransom,USA,,,,,,
rizzoje01w,Jennifer,,Rizzotti,Jennifer Rizzotti,,G,66.0,146,Connecticut,1974-05-15,,,,,,,,
roberav01w,Averill,,Roberts,Averill Roberts,,G,69.0,145,Ohio State,1970-01-29,,,,,,,,
roberny01w,Nyree,,Roberts,Nyree Roberts,,C,75.0,209,Old Dominion,1976-03-10,,,,,,,,
robertr99w,Trish,,Roberts,Trish Roberts,,,0.0,0,,0000-00-00,,,,,,,,
robinas01w,Ashley,,Robinson,Ashley Robinson,,C,76.0,180,Tennessee,1982-08-12,,,South Grand Prairie,Grand Prairie,TX,USA,,
robincr01w,Crystal,,Robinson,Crystal Robinson,,F-G,71.0,155,SE Oklahoma State,1974-01-22,,,Atoka,Atoka,OK,USA,,
robinda01w,Danielle,,Robinson,Danielle Robinson,,G,69.0,125,Oklahoma,1989-05-10,San Jose,USA,,,,,,
robinre01w,Renee,,Robinson,Renee Robinson,,G,71.0,166,Virginia,1978-06-15,,,,,,,,
robinsc01w,Scholanda,,Robinson Dorrell,Scholanda Robinson Dorrell,,G,71.0,155,Louisiana State,1983-01-09,,,,,,,,
rolanja01w,Jannon,,Roland,Jannon Roland,,G-F,73.0,167,Purdue,1975-02-03,,,Urbana,Urbana,OH,USA,,
rollitr01w,Tree,,Rollins,Tree Rollins,,,0.0,0,,0000-00-00,,,,,,,,
rossad01w,Adrianne,,Ross,Adrianne Ross,,G,68.0,142,Texas Christian,1984-11-23,,,,,,,,
rossca99wc,Carol,,Ross,Carol Ross,,,0.0,0,,0000-00-00,,,,,,,,
rothsro99w,Ron,,Rothstein,Ron Rothstein,,,0.0,0,,0000-00-00,,,,,,,,
rouilni01w,Nikki,,Rouillard,Nikki Rouillard,,G,67.0,130,Loyola Marymount,1970-01-23,,,,,,,,
roundsa01w,Saudia,,Roundtree,Saudia Roundtree,,G,67.0,145,Georgia,1976-10-04,,,Westside,Anderson,SC,USA,,
roussju99w,Julie,,Rousseau,Julie Rousseau,,,0.0,0,,0000-00-00,,,,,,,,
ruffje01w,Jenni,,Ruff,Jenni Ruff,,G-F,71.0,140,Washington State,1974-09-12,,,,,,,,
rushle01w,Leah,,Rush,Leah Rush,,F,73.0,175,Oklahoma,1984-10-25,,,,,,,,
ryankr01w,Kristy,,Ryan,Kristy Ryan,,F,71.0,150,Sacramento State,1972-11-19,,,,,,,,
rycraeu01w,Eugenia,,Rycraw,Eugenia Rycraw,,C,75.0,175,Cal State Fullerton,1968-12-06,,,,,,,,
salesny01w,Nykesha,,Sales,Nykesha Sales,,G-F,72.0,184,Connecticut,1976-05-10,,,Bloomfield,Bloomfield,CT,USA,,
sampsch01w,Charisse,,Sampson,Charisse Sampson,,G,71.0,175,Kansas,1974-09-01,,,Washington,Los Angeles,CA,USA,,
sampsto01w,Tonya,,Sampson,Tonya Sampson,,G,70.0,0,North Carolina,1972-03-02,,,,,,,,
samsh01w,Sheri,,Sam,Sheri Sam,,F-G,72.0,160,Vanderbilt,1974-05-05,,,,,,,,
sanchis01w,Isabel,,Sanchez Fernandez,Isabel Sanchez,,G,70.0,152,,1976-11-28,Seville,ESP,,,,,,
sandeam01w,Amy,,Sanders,Amy Sanders,,G,71.0,156,Hawai'i,1983-06-05,,,,,,,,
sandish01w,Shelley,Ann,Gorman- Sandie,Shelley Sandie,,G,72.0,145,,1969-01-22,Melbourne,AUS,,,,,,
sanfona01w,Nakia,,Sanford,Nakia Sanford,,F-C,76.0,200,Kansas,1976-05-10,,,,,,,,
sanniol01w,Olayinka,,Sanni,Olayinka Sanni,,C,74.0,0,West Virginia,1986-08-21,,,,,,,,
santoal01w,Alessandra,,dos Santos de Oliveira,Alessandra Santos de Oliveira,,C,77.0,181,,1973-12-02,Sao Paulo,BRA,,,,,,
santoke01w,Kelly,Silva,dos Santos,Kelly Santos,,F,75.0,188,,1979-11-10,Sao Paulo,BRA,,,,,,
sarenra01w,Rankica,,Sarenac,Rankica Sarenac,,C,78.0,222,,1974-06-27,,,,,,,,
sauerpa01w,Paige,,Sauer,Paige Sauer,,C,76.0,203,Connecticut,1977-12-08,,,Carl Albert,Midwest City,OK,USA,,
saundja01w,Jaynetta,,Saunders,Jaynetta Saunders,,F,71.0,145,Texas A&M,1979-08-21,,,,,,,,
saureau01w,Audrey,,Sauret,Audrey Sauret,,G,70.0,163,,1976-10-31,Charleville-Mezieres,FRA,,,,,,
savasla01w,Laure,,Savasta,Laure Savasta,,G,68.0,134,Washington,1974-03-18,Marseilles,FRA,,,,,,
schumke01w,Kelly,,Schumacher,Kelly Schumacher,,C,77.0,183,Connecticut,1977-10-14,,,,,,,,
schwege01w,Georgia,,Schweitzer,Georgia Schweitzer,,G-F,72.0,160,Duke,1979-01-31,,,,,,,,
scottol01w,Olympia,,Scott,Olympia Scott,,C,74.0,175,Stanford,1976-08-05,,,St. Bernard,Los Angeles,CA,USA,,
scottra01w,Raegan,,Scott,Raegan Scott,,F,75.0,169,Colorado,1975-08-12,,,,,,,,
shakiel01w,Elena,Rafaelovna,Shakirova (nee Bunatyants),Elena Shakirova,,F-C,75.0,190,,1970-06-02,Mary,URS,,,,,,
sharpkb01w,Kristen,Brooke,Sharp,K.B. Sharp,K.B.,G,69.0,145,Cincinnati,1981-04-18,,,,,,,,
sharpli99w,Linda,,Sharp,Linda Sharp,,,0.0,0,,0000-00-00,,,,,,,,
sheetsh01w,Shelley,,Sheetz,Shelley Sheetz,,G,66.0,130,Colorado,1975-08-15,,,,,,,,
shegoch01w,Chalysa,Janee,Shegog,Chay Shegog,Chay,C,77.0,0,North Carolina,1990-02-22,San Diego,USA,Brooke Point,Stafford,VA,USA,,
shielas01w,Ashley,,Shields,Ashley Shields,,G,70.0,155,SW Tennessee CC,1985-07-15,,,,,,,,
shudlca01w,Carol Ann,,Shudlick,Carol Ann Shudlick,,C,72.0,0,Minnesota,1972-05-13,,,,,,,,
shulead01w,Adrienne,,Shuler,Adrienne Shuler,,G,66.0,153,Georgia,1969-04-24,,,,,,,,
shumajo01w,John,,Shumate,John Shumate,,,0.0,0,,0000-00-00,,,,,,,,
simondy01w,Dymond,,Simon,Dymond Simon,,G,65.0,137,Arizona State,1989-09-29,,,St. Mary's,Phoenix,AZ,USA,,
simpsda01w,Darla,,Simpson,Darla Simpson,,F,75.0,160,Houston,1969-04-11,,,,,,,,
slaisma01w,Madinah,,Slaise,Madinah Slaise,,G,68.0,173,Cincinnati,1973-08-23,,,,,,,,
slauggw01w,Gwen,,Slaughter,Gwen Slaughter,,F,75.0,181,Tulane,1980-07-01,,,,,,,,
slavtge01w,Gergana,,Slavtcheva,Gergana Slavtcheva,,G,73.0,160,Florida International,1979-10-20,,,,,,,,
smithai01w,Aiysha,,Smith,Aiysha Smith,,F,74.0,173,Louisiana State,1980-07-18,,,,,,,,
smithbr01w,Brooke,,Smith,Brooke Smith,,F-C,75.0,195,Stanford,1984-04-30,,,Marin Catholic,San Anselmo,CA,USA,,
smithch01w,Christy,,Smith,Christy Smith,,G,67.0,140,Arkansas,1975-08-14,,,,,,,,
smithch02w,Charlotte,,Smith,Charlotte Smith,,F,70.0,145,Stanford,1975-05-02,,,,,,,,
smithch03w,Charmin,,Smith,Charmin Smith,,G,72.0,148,North Carolina,1973-08-23,,,,,,,,
smithcr01w,Crystal,,Smith,Crystal Smith,,G,66.0,121,Iowa,1984-03-12,,,,,,,,
smithje01w,Jennifer,,Smith,Jennifer Smith,,C,75.0,198,Michigan,1982-04-10,,,,,,,,
smithka01w,Katherine,May,Smith,Katie Smith,Katie,G-F,71.0,174,Ohio State,1974-06-04,Lancaster,USA,Logan,Logan,OH,USA,,
smithki01w,Kim,,Smith,Kim Smith,,F,73.0,158,Utah,1984-05-07,,,,,,,,
smithla01w,LaCharlotte,,Smith,LaCharlotte Smith,,G,67.0,150,Mississippi State,1974-02-06,,,,,,,,
smithta01w,Tangela,,Smith,Tangela Smith,,F-C,76.0,160,Iowa,1977-04-01,,,Washington,Chicago,IL,USA,,
smithty01w,Tyresa,,Smith,Tyresa Smith,,F,72.0,0,Delaware,1985-04-21,,,,,,,,
smithwa01w,Wanisha,,Smith,Wanisha Smith,,G,71.0,175,Duke,1985-07-09,Cincinnati,USA,Riverdale Baptist,Upper Marlboro,MD,USA,,
snellbe01w,Belinda,Rose,Snell,Belinda Snell,,G,69.0,170,University of Sydney,1981-10-01,Mirboo North,AUS,,,,,,
snowmi01w,Michelle,,Snow,Michelle Snow,,C,77.0,158,Tennessee,1980-03-20,,,Pensacola,Pensacola,FL,USA,,
sobrale01w,Leila,de Souza,Sobral Freitas,Leila Sobral,,F,73.0,183,,1974-11-22,Sao Paulo,BRA,,,,,,
sobrama01w,Marta,,de Souza Sobral,Marta de Souza Sobral,,C,75.0,163,,1964-03-23,Sao Paulo,BRA,,,,,,
spencsi01w,Sidney,,Spencer,Sidney Spencer,,G,75.0,183,Tennessee,1985-03-07,,,,,,,,
spornra01w,Rachael,Pamela,Sporn,Rachael Sporn,,F,74.0,150,,1968-05-26,Murrayville,AUS,,,,,,
stafftr01w,Trisha,,Stafford-Odom,Trisha Stafford-Odom,,F,73.0,180,California,1970-11-11,,,,,,,,
staleda01w,Dawn,Michelle,Staley,Dawn Staley,,G,66.0,134,Virginia,1970-05-04,Philadelphia,USA,,,,,,
stanlma99w,Marianne,,Stanley,Marianne Stanley,,,0.0,0,,0000-00-00,,,,,,,,
stansti01w,Tiffany,,Stansbury,Tiffany Stansbury,,F-C,75.0,183,North Carolina State,1983-01-16,,,,,,,,
starbka01w,Kate,,Starbird,Kate Starbird,,G,73.0,153,Stanford,1975-07-30,,,Lakes,Tacoma,WA,USA,,
stedika01w,Kathryn,Suzanne,Steding,Katy Steding,Katy,F-G,72.0,173,Stanford,1967-12-11,Portland,USA,,,,,,
stepama01w,Maria,Aleksandrovna,Stepanova,Maria Stepanova,,C,80.0,187,,1979-02-23,Mikhaylovsk,USA,,,,,,
stephre01w,Rehema,,Stephens,Rehema Stephens,,G,71.0,160,UCLA,1969-12-28,,,,,,,,
stephst01w,Stacy,,Stephens,Stacy Stephens,,C,76.0,205,Texas,1982-01-21,,,Winnsboro,Pensacola,FL,USA,,
sterkca01w,Carla,,Sterk,Carla Sterk,,F,74.0,170,Central Michigan,0000-00-00,,,,,,,,
stevema01w,Mandisa,,Stevenson,Mandisa Stevenson,,F-C,75.0,166,Auburn,1982-02-04,,,,,,,,
stileja01w,Jackie,,Stiles,Jackie Stiles,,G,68.0,144,Missouri State,1978-12-21,,,Clafin,Clafin,KS,USA,,
stillva01w,Valerie,,Still,Valerie Still,,F-C,73.0,151,Kentucky,1961-05-14,,,,,,,,
stinsan01w,Andrea,,Stinson,Andrea Stinson,,G,70.0,158,North Carolina State,1967-11-25,,,,,,,,
stiresh01w,Shanele,,Stires,Shanele Stires,,F,71.0,208,Kansas State,1972-05-21,,,,,,,,
stockta01w,Tamara,,Stocks,Tamara Stocks,,F-C,74.0,165,Florida,1979-01-29,,,Pickerington,Pickerington,OH,USA,,
streiju01w,Jurgita,,Streimikyte,Jurgita Streimikyte,,F,74.0,165,,1972-05-14,,,,,,,,
stricsh01w,Shekinna,,Stricklen,Shekinna Stricklen,,G-F,74.0,178,Tennessee,1990-07-30,Conway,USA,Morrilton,Morrilton,AZ,USA,,
strotan01w,Ann,,Strother,Ann Strother,,G-F,75.0,166,Connecticut,1983-12-11,,,Highlands,Castle Rock,CO,USA,,
suberto01w,Tora,,Suber,Tora Suber,,G,67.0,137,Virginia,1974-11-23,,,,,,,,
summela01w,Laura,Ann,Summerton,Laura Summerton,,C,74.0,167,,1983-12-13,Adelaide,AUS,,,,,,
sun-mju01w,Jung,,Sun-Min,Jung Sun-Min,,C,73.0,168,,1974-10-12,Kinan,KOR,,,,,,
suttota01w,Tamara,Kim,Sutton-Brown,Tammy Sutton-Brown,Tammy,C,76.0,199,Rutgers,1978-01-27,Markham,CAN,,,,,,
swanike01w,Ketia,,Swanier,Ketia Swanier,,G,67.0,144,Connecticut,1986-08-10,,,,,,,,
swoopsh01w,Sheryl,Denice,Swoopes,Sheryl Swoopes,,F-G,72.0,145,Texas Tech,1971-03-25,Brownfield,USA,,,,,,
swordca01w,Carolyn,,Swords,Carolyn Swords,,C,78.0,210,Boston College,1989-07-19,,,,,,,,
sykesap01w,April,,Sykes,April Sykes,,G-F,72.0,0,Rutgers,1990-07-30,,,East Oktibbeha County,Crawford,MS,USA,,
tatede01w,Deanna,,Tate,Deanna Tate,,G,68.0,150,Maryland,1966-05-13,,,,,,,,
tateso01w,Sonja,,Tate,Sonja Tate,,G,66.0,157,Arkansas State,1971-09-07,,,,,,,,
tauradi01w,Diana,Lurena,Taurasi,Diana Taurasi,,F-G,72.0,172,Connecticut,1982-06-11,Chino,USA,Don Lugo,Chino,CA,USA,,
taylode99w,Denise,,Taylor,Denise Taylor,,,0.0,0,,0000-00-00,,,,,,,,
tayloli01w,Lindsay,,Taylor,Lindsay Taylor,,C,80.0,200,UC Santa Barbara,1981-05-20,,,,,,,,
taylope01w,Penelope,Jane,Taylor,Penny Taylor,Penny,F,73.0,168,,1981-05-24,Melbourne,AUS,,,,,,
teaslni01w,Nicole,,Teasley,Nikki Teasley,Nikki,G,72.0,169,North Carolina,1979-03-22,,,St. John's at Prospect Hall,Frederick,MD,USA,,
teilaza01w,Zane,,Teilane Tamane,Zane Teilane Tamane,,C,79.0,170,Western Illinois,1983-09-24,Riga,URS,,,,,,
terryka01w,Kasha,,Terry,Kasha Terry,,C-F,75.0,183,Georgia Tech,1983-10-21,,,Douglas County,Douglasville,GA,USA,,
thibami99w,Mike,,Thibault,Mike Thibault,,,0.0,0,,0000-00-00,,,,,,,,
thirdtr01w,Traci,,Thirdgill,Traci Thirdgill,,F,71.0,160,Washington,1968-02-27,,,,,,,,
thomaca01w,Carla,,Thomas,Carla Thomas,,F,75.0,200,Vanderbilt,1985-10-31,,,,,,,,
thomach01w,Christi,,Thomas,Christi Thomas,,C,75.0,185,Georgia,1982-08-14,,,,,,,,
thomaja01w,Jasmine,,Thomas,Jasmine Thomas,,G,69.0,145,Duke,1989-09-30,Fairfax,USA,Oakton,Vienna,VA,USA,,
thomakr01w,Krystal,,Thomas,Krystal Thomas,,C,77.0,195,Duke,1989-06-10,Orlando,USA,The First Academy,Orlando,FL,USA,,
thomala01w,LaToya,,Thomas,LaToya Thomas,,F,74.0,165,Mississippi State,1981-07-06,,,,,,,,
thomast01w,Stacey,,Thomas,Stacey Thomas,,F,70.0,154,Michigan,1978-08-29,,,,,,,,
thompal01w,Alicia,,Thompson,Alicia Thompson,,F,73.0,180,Texas Tech,1976-06-30,,,,,,,,
thompam01w,Amanda,Clara,Thompson,Amanda Thompson,,F,73.0,170,Oklahoma,1987-11-18,Chicago,USA,Whitney Young,Chicago,IL,USA,,
thompka99w,Karleen,,Thompson,Karleen Thompson,,,0.0,0,,0000-00-00,,,,,,,,
thomppa01w,Pashen,,Thompson,Pashen Thompson,,F,73.0,193,Tennessee,1975-01-16,,,,,,,,
thompsh01w,Sharon,,Thompson,Sharon Thompson,,,0.0,0,,0000-00-00,,,,,,,,
thompti01w,Tina,Marie,Thompson,Tina Thompson,,F,74.0,178,USC,1975-02-10,Los Angeles,USA,,,,,,
thorbsh01w,Shona,,Thorburn,Shona Thorburn,,G,69.0,149,Utah,1982-08-07,,,,,,,,
thorner01w,Erin,,Thorn,Erin Thorn,,G,70.0,150,Brigham Young,1981-05-19,,,,,,,,
threaro01w,Robin,,Threatt,Robin Threatt,,G,67.0,150,Wisconsin,1970-07-01,,,,,,,,
tilliic01w,Iciss,,Tillis,Iciss Tillis,,C-F,77.0,165,Duke,1981-12-06,,,Cascia Prep,Tulsa,OK,USA,,
timmsmi01w,Michele,Margaret,Timms,Michele Timms,,G,67.0,132,,1965-06-28,Melbourne,AUS,,,,,,
tolerpe01w,Penny,,Toler,Penny Toler,,G,68.0,132,Long Beach State,1966-03-24,,,,,,,,
tolivkr01w,Kristi,,Toliver,Kristi Toliver,,G,67.0,130,Maryland,1987-01-27,,,Harrisonburg,Harrisonburg,VA,USA,,
torniel01w,Elena,Andronisovna,Tornikidou,Elena Tornikidou,,F,73.0,160,,1965-05-27,Tashkent,URS,,,,,,
torrele01w,Levys,,Torres,Levys Torres,,C,75.0,171,Florida State,1978-04-06,,,,,,,,
traviti01w,Tiffany,,Travis,Tiffany Travis,,G-F,71.0,145,Flordia,1978-03-20,,,,,,,,
tremich01w,Chantel,,Tremitiere,Chantel Tremitiere,,G,66.0,142,Auburn,1969-10-20,,,,,,,,
tricetr01w,Trena,,Trice,Trena Trice,,F-C,74.0,180,North Carolina State,1965-08-04,,,,,,,,
tunsine01w,Necole,,Tunsil,Necole Tunsil,,G-F,73.0,170,Iowa State,1970-08-22,,,,,,,,
turneba01w,Barbara,,Turner,Barbara Turner,,G-F,72.0,172,Connecticut,1984-06-08,,,East Tech.,Cleveland,OH,USA,,
tutermo01w,Molly,,Tuter,Molly Tuter,,G,72.0,155,Arizona State,1975-08-25,,,,,,,,
tuvicsl01w,Slobodanka,,Tuvic,Slobodanka Tuvic,,C,76.0,194,,1977-09-19,,,,,,,,
tzekopo01w,Polina,,Tzekova,Polina Tzekova,,C,76.0,189,,1968-04-30,Pleven,BUL,,,,,,
udokamf01w,Mfon,Sunday,Udoka,Mfon Udoka,,F,72.0,187,DePaul,1976-06-16,Portland,USA,Benson Polytechnic,Portland,OR,USA,,
ujhelpe01w,Petra,,Ujhelyi,Petra Ujhelyi,,F-C,76.0,200,South Carolina,1980-12-17,,,,,,,,
umoh-it01w,Itoro,,Umoh-Coleman,Itoro Umoh-Coleman,,G,67.0,140,Clemson,1977-02-21,Washington,USA,Hephzibah,Hephzibah,GA,USA,,
valdeam01w,Amaya,,Valdemoro Madariaga,Amaya Valdemoro,,F,73.0,160,,1976-08-18,Madrid,ESP,,,,,,
vandeco01w,Courtney,,Vandersloot,Courtney Vandersloot,,G,68.0,130,Gonzaga,1989-02-08,Kent,USA,Kentwood,Kent,WA,USA,,
vandehe99w,Heidi,,VanDerveer,Heidi VanDerveer,,,0.0,0,,0000-00-00,,,,,,,,
vanemal01w,Alexandra,,VanEmbricqs,Alexandra VanEmbricqs,,F,75.0,175,UCLA,1968-04-14,Paramaribo,SUR,,,,,,
vangomi01w,Michele,,Van Gorp,Michele Van Gorp,,C,78.0,187,Duke,1977-05-10,,,,,,,,
vaughki01w,Kia,,Vaughn,Kia Vaughn,,C,76.0,208,Rutgers,1987-01-24,,,St. Michael Academy,New York,NY,USA,,
vaughkr01w,Krystal,,Vaughn,Krystal Vaughn,,F,73.0,160,Virginia Commonwealth,1986-09-08,,,,,,,,
vealkr01w,Kristen,,Veal,Kristen Veal,,G,70.0,150,,1981-07-24,,,,,,,,
veselja01w,Jana,,Vesela,Jana Vesela,,F,75.0,195,none,1983-12-31,Prague,TCH,,,,,,
vidicbo01w,Bojanna,,Vidic,Boky Vidic,Boky,G,69.0,133,Oregon State,1973-01-07,,,,,,,,
viglida01w,Danielle,,Viglione,Danielle Viglione,,G,70.0,157,Texas,1975-03-07,,,,,,,,
vilipda01w,Daliborka,,Vilipic,Daliborka Vilipic,,F-C,76.0,207,,1975-03-30,,,,,,,,
vodicka01w,Kamila,,Vodichkova,Kamila Vodichkova,,F-C,76.0,190,,1972-12-19,Litomerice,TCH,,,,,,
vodopna01w,Natalia,Aleksandrovna,Vodopyanova,Natalia Vodopyanova,,F,75.0,181,,1981-04-06,St. Petersburg,URS,,,,,,
voigtka01w,Katie,,Voigt,Katie Voigt,,G,73.0,162,Wisconsin,1975-04-07,,,,,,,,
vukadmi01w,Milica,,Vukadinovic,Milica Vukadinovic,,G,73.0,150,California,1968-11-18,,,,,,,,
walkeas01w,Ashley,,Walker,Ashley Walker,,F-C,73.0,200,California,1987-02-24,,,,,,,,
walkeay01w,Ayana,,Walker,Ayana Walker,,F,75.0,142,Louisiana Tech,1979-09-10,,,,,,,,
walkeda01w,Darrell,,Walker,Darrell Walker,,,0.0,0,,0000-00-00,,,,,,,,
walkede01w,DeMya,,Walker,DeMya Walker,,F,75.0,168,Virginia,1977-11-28,,,Rancocas Valley,Mt. Holly,NJ,USA,,
walkema01w,Marcedes,,Walker,Marcedes Walker,,C,75.0,253,Pittsburgh,1986-10-17,,,,,,,,
walsema01w,Maren,,Walseth,Maren Walseth,,F,74.0,184,Penn State,1978-10-28,,,Thomas Jefferson,Bloomington,MN,USA,,
wardvo01w,Vonda,,Ward,Vonda Ward,,C,78.0,170,Tennessee,1973-03-16,Macedonia,USA,Trinity,Garfield Heights,OH,USA,,
warleav01w,Avery,,Warley,Avery Warley,,C,75.0,0,Liberty,1987-05-17,Washington,USA,,,,,,
washico01w,Coquese,,Washington,Coquese Washington,,G,66.0,138,Notre Dame,1971-01-17,,,,,,,,
washito01w,Tonya,,Washington,Tonya Washington,,F,71.0,160,Florida,1977-12-30,,,,,,,,
wautean01w,Ann,,Wauters,Ann Wauters,,C,76.0,193,,1980-10-12,,,,,,,,
weathte01w,Teresa,Gaye,Weatherspoon,Teresa Weatherspoon,,G,68.0,161,Louisiana Tech,1965-12-08,Pineland,USA,,,,,,
webbum01w,Umeki,,Webb,Umeki Webb,,G-F,70.0,162,North Carolina State,1975-06-26,,,Justin Kimball,Dallas,TX,USA,,
weberma01w,Martina,,Weber,Martina Weber,,C,77.0,200,Iona,1982-06-01,,,,,,,,
weckeke01w,Kendra,,Wecker,Kendra Wecker,,F,73.0,172,Kansas State,1982-12-16,,,Marysville,Marysville,KS,USA,,
weisery99w,Ryan,,Weisenberg,Ryan Weisenberg,,,0.0,0,,0000-00-00,,,,,,,,
westhpa99w,Paul,,Westhead,Paul Westhead,,,0.0,0,,0000-00-00,,,,,,,,
whaleli01w,Lindsay,Marie,Whalen,Lindsay Whalen,,G,68.0,150,Minnesota,1982-05-09,Hutchinson,USA,,,,,,
whisejo99w,John,,Whisenant,John Whisenant,,,0.0,0,,0000-00-00,,,,,,,,
whitede01w,DeTrina,,White,DeTrina White,,F,71.0,180,Louisiana State,1980-04-03,,,,,,,,
whiteer01w,Erica,,White,Erica White,,G,63.0,135,Louisiana State,1986-08-26,,,,,,,,
whiteta01w,Tan,,White,Tan White,,G,67.0,154,Mississippi State,1982-09-27,,,,,,,,
whitiva01w,Val,,Whiting-Raymond,Val Whiting-Raymond,,C-F,74.0,199,Stanford,1972-04-09,,,,,,,,
whitmta01w,Tamika,,Whitmore,Tamika Whitmore,,F,74.0,190,Memphis,1977-06-05,,,,,,,,
whittje01w,Jennifer,Hazel,Whittle,Jennifer Whittle,,C,77.0,176,,1973-09-05,Gold Coast,AUS,,,,,,
whittkh01w,Khadijah,Ameenah,Whittington,Khadijah Whittington,,F,73.0,185,North Carolina State,1986-08-05,,,,,,,,
wickssu01w,Sue,,Wicks,Sue Wicks,,F,75.0,191,Rutgers,1966-11-26,,,,,,,,
widemja01w,Jamila,,Wideman,Jamila Wideman,,G,66.0,135,Stanford,1975-10-16,,,Amherst-Pelham Regional,Amherst,MA,USA,,
wiggica01w,Candice,,Wiggins,Candice Wiggins,,G,71.0,154,Stanford,1987-02-14,,,,,,,,
wilkeda01w,Dana,,Wilkerson,Dana Wilkerson,,G,65.0,121,Long Beach State,1969-02-27,,,,,,,,
wilkibr01w,Brittany,,Wilkins,Brittany Wilkins,,C,75.0,185,Iowa State,1983-06-15,,,,,,,,
williad01w,Adrian,,Williams-Strong,Adrian Williams-Strong,,F-C,77.0,170,USC,1977-02-15,,,,,,,,
willian01w,Angelina,,Williams,Angelina Williams,,G,72.0,149,Illinois,1983-07-21,,,George Washington,Chicago,IL,USA,,
willibe01w,Beverly,,Williams,Beverly Williams,,G,69.0,145,Texas,1965-11-09,,,,,,,,
willide01w,Debra,,Williams,Debra Williams,,G,68.0,160,Louisiana Tech,1972-09-23,,,,,,,,
willifr99w,Fred,,Williams,Fred Williams,,,0.0,0,,0000-00-00,,,,,,,,
willigr99w,Greg,,Williams,Greg Williams,,,0.0,0,,0000-00-00,,,,,,,,
williki01w,Kimberly,,Williams,Kim Williams,Kim,G,66.0,136,DePaul,1974-10-14,,,James Marshall,Chicago,IL,USA,,
willile01w,Le'coe,,Willingham,Le'coe Willingham,,F,72.0,200,Auburn,1981-02-10,,,,,,,,
willile02w,Lenae,,Williams,Lenae Williams,,G-F,71.0,155,DePaul,1979-07-04,,,,,,,,
willili01w,Lisa,,Willis,Lisa Willis,,G,71.0,170,UCLA,1984-06-13,,,,,,,,
willina01w,Natalie,J.,Williams,Natalie Williams,,F-C,74.0,210,UCLA,1970-11-30,Long Beach,USA,Taylorsville,Taylorsville,UT,USA,,
williri01w,Rita,,Williams,Rita Williams,,G,66.0,135,Connecticut,1976-01-14,,,,,,,,
williri02w,Riquna,,Williams,Riquna Williams,Bay Bay,G,67.0,165,Miami,1990-05-28,Pahokee,USA,Pahokee,Pahokee,FL,USA,,
willisa01w,Samantha,,Williams,Samantha Williams,,G-F,72.0,0,Auburn,1973-09-24,,,,,,,,
willish01w,Shaquala,,Williams,Shaquala Williams,,G,66.0,135,Oregon,1980-04-14,,,,,,,,
willita01w,Tara,,Williams,Tara Williams,,G,71.0,170,Auburn,1974-07-23,,,,,,,,
willito01w,Toccara,,Williams,Toccara Williams,,G,68.0,138,Texas A&M,1982-01-11,,,,,,,,
williwe01w,Wendi,,Willits,Wendi Willits,,G,67.0,141,Arkansas,1978-11-18,Fort Cobb,USA,Fort Cobb-Broxton,Fort Cobb,OK,USA,,
wilsoam01w,Amanda,,Wilson,Amanda Wilson,,F,71.0,176,Louisiana Tech,1977-02-06,,,,,,,,
wintebr01w,Brian,,Winters,Brian Winters,,,0.0,0,,0000-00-00,,,,,,,,
wirthch01w,Christina,,Wirth,Christina Wirth,,F,73.0,185,Vanderbilt,1987-04-18,,,,,,,,
wisdoli01w,Lindsay,,Wisdom-Hylton,Lindsay Wisdom-Hylton,,F,74.0,186,Purdue,1986-05-26,,,,,,,,
witheso01w,Sophia,,Witherspoon,Sophia Witherspoon,,G,70.0,145,Florida,1969-07-06,,,,,,,,
wojtaju01w,Julie,,Wojta,Julie Wojta,,G-F,72.0,175,Wisconsin-Green Bay,1989-04-09,Francis Creek,USA,Mishicot,Mishicot,WI,USA,,
wolteka01w,Kara,Elizabeth,Wolters,Kara Wolters,,C,79.0,227,Connecticut,1975-08-15,Natick,USA,Holliston,Holliston,MA,USA,,
wolvean01w,Angelina,Marie,Wolvert,Angelina Wolvert,,F-C,75.0,205,Oregon,1978-12-08,,,,,,,,
woodaly01w,Lynette,,Woodard,Lynette Woodard,,G,72.0,160,Kansas,1959-08-12,Wichita,USA,,,,,,
woodki01w,Kimberly,,Wood,Kimberly Wood,,C,76.0,0,Wisconsin-Green Bay,1972-09-16,,,,,,,,
woolror01w,Orlando,,Woolridge,Orlando Woolridge,,,0.0,0,,0000-00-00,,,,,,,,
wooslti01w,Tiffany,,Woosley,Tiffany Woosley,,G,67.0,132,Tennessee,1973-04-04,,,,,,,,
wrighfa01w,Falisha,,Wright,Falisha Wright,,G,66.0,130,San Diego State,1973-01-28,,,,,,,,
wrighmo01w,Monica,Ashante,Wright,Monica Wright,,G,71.0,178,Virginia,1988-07-15,San Antonio,USA,Forest Park,Woodbridge,VA,USA,,
wrighsh01w,Shereka,,Wright,Shereka Wright,,F,70.0,155,Purdue,1981-09-21,,,Copperas Cove,Copperas Cove,TX,USA,,
wrighta01w,Tanisha,,Wright,Tanisha Wright,,G,71.0,165,Penn State,1983-11-20,,,,,,,,
wyckobr01w,Brooke,,Wyckoff,Brooke Wyckoff,,F,73.0,183,Florida State,1980-03-30,,,,,,,,
wynneda01w,Dana,,Wynne,Dana Wynne,,F,74.0,175,Seton Hall,1975-02-02,,,,,,,,
yamasli01w,Lindsey,Brooke,Yamasaki,Lindsey Yamasaki,,G,73.0,190,Stanford,1980-06-02,,,Oregon City,Oregon City,OR,USA,,
yasenco01w,Corissa,Lee,Yasen,Corissa Yasen,,G,72.0,160,Purdue,1973-12-05,Omaha,USA,Coeur d'Alene,Coeur d'Alene,ID,USA,,
yilmane01w,Nevriye,,Yilmaz,Nevriye Yilmaz,,F-C,76.0,193,,1980-06-06,Plovdiv,BUL,,,,,,
youngca01w,Carolyn,,Jones Young,Carolyn Jones Young,,G,69.0,175,Auburn,1969-07-28,Bay Springs,USA,,,,,,
youngso01w,Sophia,,Young,Sophia Young,,F,73.0,165,Baylor,1983-12-15,,,,,,,,
youngta01w,Tamera,,Young,Tamera Young,,F,74.0,166,James Madison,1986-10-30,,,,,,,,
zakalok01w,Oksana,,Zakaluzhnaya,Oksana Zakaluzhnaya,,C,78.0,174,,1977-12-18,,,,,,,,
zarafr01w,Francesca,,Zara,Francesca Zara,,G,70.0,146,,1976-12-08,,,,,,,,
zellosh01w,Shavonte,,Zellous,Shavonte Zellous,,G,70.0,155,Pittsburgh,1986-08-28,,,,,,,,
zhengha01w,Haixia,,Zheng,Haixia Zheng,,C,80.0,254,,1967-03-07,Tuocheng,CHN,,,,,,
zierddo99w,Don,,Zierden,Don Zierden,,,0.0,0,,0000-00-00,,,,,,,,
zirkozu01w,Zuzana,,Zirkova,Zuzana Zirkova,,G,69.0,145,,1980-06-06,Bojnice,TCH,,,,,,
zollsh01w,Sharnee',,Zoll,Sharnee' Zoll,,G,67.0,148,Virginia,1986-07-11,,,,,,,,
